,ISIC 01T03,ISIC 05,ISIC 06,ISIC 07T08,ISIC 09,ISIC 10T12,ISIC 13T15,ISIC 16,ISIC 17T18,ISIC 19,ISIC 20,ISIC 21,ISIC 22,ISIC 231,ISIC 239,ISIC 241,ISIC 242,ISIC 25,ISIC 26,ISIC 27,ISIC 28,ISIC 29,ISIC 30,ISIC 31T33,ISIC 351,ISIC 352T353,ISIC 36T39,ISIC 41T43,ISIC 45T47,ISIC 49T53,ISIC 55T56,ISIC 58T60,ISIC 61,ISIC 62T63,ISIC 64T66,ISIC 68,ISIC 69T82,ISIC 84,ISIC 85,ISIC 86T88,ISIC 90T96,ISIC 97T98
ISIC 01T03,1.1801621981255808,0,2.3945031251676065e-4,9.68686997045479e-4,4.617609563029687e-4,0.15631629427239094,0.01590882996309702,0.06385943446749791,0.005481931594354825,5.215050283628418e-4,0.012515985061666268,0.01251598506166626,0.0025804491020971765,6.096002597461559e-4,6.096002597461559e-4,3.1851798626316585e-4,2.6806805586172605e-4,2.540718298870236e-4,1.3215811072961182e-4,4.362325349437206e-4,2.684338620285844e-4,4.443256729459162e-4,1.2860964644909495e-4,0.0020494998473554417,1.6050139658273067e-4,1.6063735850514388e-4,3.292178657655716e-4,0.0015815206111807437,8.343196625782053e-4,4.2395661032820314e-4,0.006264484352152957,1.833375267390739e-4,2.172496487074529e-4,2.532396397537076e-4,1.5573144151744675e-4,2.1547434568726658e-4,7.632492286096631e-4,0.0029188382591300924,0.0013803406480473672,0.0013315224084136659,9.184041256158995e-4,0
ISIC 05,0,1,0,0,0,0,0,0,0,0,0,0,0,0,0,0,0,0,0,0,0,0,0,0,0,0,0,0,0,0,0,0,0,0,0,0,0,0,0,0,0,0
ISIC 06,4.784017183779734e-6,0,1.0003355148443471,6.207100311743865e-5,1.4122166325943275e-4,2.0067294463622125e-6,1.1793757501805603e-6,2.513152199971369e-6,2.1551162886427673e-6,7.069124570362241e-6,2.9657550363946153e-6,2.965755036394614e-6,2.179692642047573e-6,4.779898011573773e-6,4.779898011573772e-6,5.766664957037169e-6,5.442954654333857e-6,3.649795981573749e-6,4.4132241676181896e-7,2.737654465802608e-6,2.2102238392771443e-6,1.6397670866043262e-6,6.805020033649593e-7,2.0564019437490167e-6,5.339730051402839e-6,4.55026870037801e-6,3.5623292853829385e-6,5.468343900265196e-6,9.986101870700488e-7,1.1092791515719248e-5,1.2500279195229292e-6,4.6199726245477347e-7,4.421221914832744e-7,8.234636100978146e-7,8.365683799655362e-7,6.769087111538415e-7,8.643378396142063e-7,5.667006758537997e-6,9.5945972868157e-7,8.144516528971253e-7,1.0516158878104457e-6,0
ISIC 07T08,0.0030966047575798385,0,0.04291107706668137,1.0481394782689337,0.0190277307775209,0.0015743891178238679,0.0014274189942879727,9.744673752108791e-4,0.0033070291443691997,0.004583807026102865,0.004777414869246616,0.004777414869246615,0.002497465430333754,0.04767407803787147,0.04767407803787146,0.01746067860611674,0.020661066514035414,0.0025516934229359305,2.445898349144661e-4,0.0015333584888045542,0.0011525998323243787,0.0011343517541715416,4.676369135353488e-4,0.0010180548221838898,0.007303819480814342,0.005955772982736051,0.002396885737027329,0.007474084004794723,2.464607376803848e-4,5.776813388001638e-4,8.414339438278442e-4,2.3977439179958697e-4,4.661325390624536e-4,4.918116732596254e-4,1.5323614179401369e-4,6.587015028287376e-4,5.422113436156334e-4,0.0018783338946854588,9.829023623765553e-4,4.61886677216878e-4,0.001522376473208242,0
ISIC 09,2.475945589427923e-6,0,0.004323092511216218,7.256250713496705e-4,1.0017797855163681,1.3845172675622648e-6,1.1990525485915199e-6,9.91951009627727e-7,2.684577453994288e-6,3.914994716304276e-6,3.5789088935767245e-6,3.5789088935767233e-6,2.057961582270843e-6,3.3441809079146013e-05,3.3441809079146013e-05,1.2522295244523326e-5,1.46615338289237e-5,2.2427734134904502e-6,3.296539174790374e-7,1.3534727679728843e-6,1.1428893781872255e-6,1.0285334825239173e-6,5.158117861405359e-7,9.841015815255828e-7,5.660971115651002e-6,4.7892762806113456e-6,2.0381911696679595e-6,5.450016476314845e-6,4.999246717940538e-7,8.809898938183393e-7,9.83873308909947e-7,3.4698376362262543e-7,5.853384249338848e-7,5.358749818586222e-7,3.394324397379152e-7,1.802820432743341e-6,1.139587176167677e-6,2.3690153229660987e-6,1.0933766349794902e-6,5.885429632762829e-7,1.4438202478986271e-6,0
ISIC 10T12,0.04499460162632938,0,3.2100045565972235e-4,4.1585250677687234e-4,5.065600400472381e-4,1.0955540556971195,0.003571429991501741,0.0030113982777615696,0.002134068436667314,8.085801536287514e-4,0.0037362873977364952,0.003736287397736493,0.0015818036632328529,0.0017991822883100654,0.0017991822883100651,4.398905929382688e-4,3.4825734145496156e-4,3.6382924699585907e-4,1.4967171552163525e-4,3.1328094281579644e-4,3.507247403940728e-4,3.772509703833101e-4,1.786131632765115e-4,5.453083189887573e-4,4.0990085838079867e-4,3.8568708282617323e-4,6.981593491954137e-4,4.8298512130065524e-4,0.0013959521910829953,0.001078304855569684,0.034318826587953925,3.303149791278908e-4,3.33439837449332e-4,7.700339977411849e-4,4.90740216974484e-4,4.054536866642898e-4,0.0013302202200871796,0.009719812512175713,0.007673055665527728,0.0074311850178354856,0.0037175526360300223,0
ISIC 13T15,1.7123626652597597e-4,0,4.9516985217055634e-5,6.436742132838484e-5,5.5507499475240114e-5,1.6573390283219414e-4,1.0165646298557665,6.942599781291206e-4,0.0018728573121708683,1.1481256533590383e-4,2.7071111591987437e-4,2.7071111591987426e-4,0.001123244523839701,3.52596389594922e-4,3.5259638959492213e-4,5.437803402616579e-5,3.935777526047194e-5,5.5369154175980005e-5,2.674749584499565e-5,6.980528830918047e-5,3.208860846023044e-4,7.900613641915698e-4,4.289138486183645e-4,0.002205020482081322,2.0903963496314216e-5,2.1798889004621143e-5,1.4889772022861218e-4,2.293549207210887e-4,1.8087547456314002e-4,5.265166307627199e-5,1.0122811437474398e-4,4.988767913660883e-5,3.8518871519767486e-5,2.9105344067494896e-5,1.724377081750521e-5,2.3534309456052053e-5,5.6513240112680836e-5,1.414883863123902e-4,6.435853435235159e-5,1.2517765720833238e-4,3.1882800616756234e-4,0
ISIC 16,0.001522401427270765,0,2.490738473888329e-4,0.0018358570120026595,0.001957639721651857,8.49944866196634e-4,5.270106538208809e-4,1.1235098732331268,0.007331684846477187,3.587018926341074e-4,5.23172285125431e-4,5.231722851254308e-4,0.005042435485298406,0.0015906704345962472,0.001590670434596247,0.001486518714188153,0.0017668237009716705,6.861654424317326e-4,7.097213050318129e-4,0.003976104250961413,0.0014278658252037926,0.003297210136630471,5.346135102956135e-4,0.011055443676374038,3.4482820217768116e-4,3.803478594229006e-4,4.313707885266793e-4,0.01435685241578629,0.001751003015648636,0.0023382154873249415,0.0010460554912319541,4.0752394488917105e-4,7.775004141615613e-4,6.712314017348931e-4,2.1175463357858137e-4,0.001361663271234082,5.228091960656875e-4,9.625079027282736e-4,3.5623523393184947e-4,7.025214495377038e-4,5.907913328780494e-4,0
ISIC 17T18,0.0018852232197232493,0,0.0019192137962168027,0.002672308151515966,0.0022471558684001437,0.01575168359975266,0.005019544003246614,0.00735505626172236,1.0849734843476846,0.0010373039943191154,0.005971100555511377,0.005971100555511374,0.011333972139006327,0.008062271207421312,0.00806227120742131,0.003656827078897828,0.004307877293408899,0.004562539136341936,0.0016659805023663456,0.006154623106455382,0.004377021590327,0.005830146069429459,0.0017299184257625164,0.009117680001797801,9.686198635625615e-4,0.0011606783223015761,0.0029031852766053857,0.0024161370387816112,0.005932760563687332,0.0034464431252626197,0.006373536243193427,0.008196382147781702,0.001988188517526364,0.004613724008175679,0.003245032359972175,7.59339541994826e-4,0.004856451458649097,0.005499839390771647,0.002893943221101463,0.005049492685457866,0.0033364927860860317,0
ISIC 19,0.01868358098552118,0,0.014015299283670483,0.022800553270902718,0.01678818670534723,0.007209826220252867,0.008307743682215507,0.009954352860445825,0.008509413455042894,1.0267789681456299,0.015961441380142365,0.015961441380142355,0.015640750394645936,0.008415686522359123,0.008415686522359123,0.01768895781703524,0.01542974765424673,0.012936987785212798,0.0016298131421681693,0.010029445148228806,0.00763124277793496,0.006189197633570416,0.0023138408718868545,0.008286964087044787,0.017446892994369738,0.014837742821724622,0.012354047700584903,0.018168793630284865,0.003178924184038322,0.03940625112343207,0.003905510748298188,0.001336993791177349,0.0012466919837361555,0.002526522639173293,0.002710946875089647,0.001712391992089402,0.0026761221397221505,0.01980341061846551,0.003009463351585268,0.0033488560635985547,0.003361050837263858,0
ISIC 20,0.016960018727790935,0,0.005188383631794084,0.0049716904537640385,0.004065537006679407,0.005249738555377078,0.03207709294319338,0.010323721680564795,0.012715374168671861,0.018514443041602748,1.0451701627560088,0.04517016275600808,0.05898172357807989,0.007059399897321639,0.007059399897321639,0.005342255222538152,0.0020684700989528453,0.004880785031465133,0.0020357033081418417,0.005420550681908156,0.0029931345637451948,0.006317010999387499,0.0015431795591555849,0.010209305052452376,0.0012147358432377758,0.0010715477156605694,0.0035756862028679445,0.0033999278593707053,8.2833401301408e-4,0.0013848243064791014,0.0010628506062431277,6.878593514636087e-4,6.537315349216376e-4,7.765163409341908e-4,3.1363441586031165e-4,6.241979302703566e-4,0.0017597744187144702,0.003237092169498949,9.159974314293099e-4,0.00625679266117515,0.0021230988199763246,0
ISIC 21,0.011306679151860628,0,0.003458922421196058,0.0033144603025093604,0.002710358004452938,0.0034998257035847207,0.02138472862879557,0.006882481120376531,0.008476916112447906,0.012342962027735162,0.03011344183733871,1.0301134418373388,0.039321149052053285,0.0047062665982144265,0.004706266598214425,0.003561503481692101,0.001378980065968563,0.0032538566876434225,0.0013571355387612272,0.003613700454605438,0.0019954230424967965,0.004211340666258332,0.0010287863727703904,0.006806203368301588,8.098238954918507e-4,7.143651437737126e-4,0.0023837908019119637,0.0022666185729138043,5.522226753427201e-4,9.232162043194011e-4,7.08567070828752e-4,4.585729009757391e-4,4.35821023281092e-4,5.176775606227942e-4,2.0908961057354106e-4,4.16131953513571e-4,0.001173182945809648,0.0021580614463326347,6.106649542862068e-4,0.004171195107450101,0.0014153992133175515,0
ISIC 22,0.00282717499825397,0,7.322667067454025e-4,0.0039679173983710155,0.0027277337607983236,0.009314625430436827,0.003565082739507662,0.004243846614757222,0.008325488660819108,9.886287658081529e-4,0.00560628950878224,0.00560628950878224,1.032118015756336,0.0033233589474736527,0.0033233589474736527,0.001171791357870131,0.001217314165267545,0.00270072313497114,0.003164363780847374,0.006602812964695838,0.0086819380624822,0.013176159338318293,0.003856904710736692,0.011772636833334068,3.3747706571378455e-4,4.465758544264898e-4,0.001689782103998671,0.00672830754457863,0.0029749289199223657,0.001285279427169357,0.0034589706292454682,0.001102562239556124,0.0028400080055815758,0.0017009028590694723,3.8711786351060924e-4,3.5199257806435227e-4,0.0012494129756703872,0.001969762463890223,7.907848736326628e-4,0.0031051726495826717,0.0016849350704973255,0
ISIC 231,1.1544525801354173e-4,0,6.037182025710241e-4,0.001055151206610514,0.0014430768427255423,5.942000434409004e-4,1.0958302016697365e-4,0.0013287081606744243,3.226953220869017e-4,4.827876828957062e-4,3.4486545214799187e-4,3.4486545214799187e-4,0.0010567391633657397,1.014752720498408,0.014752720498407847,0.0010775110381010386,0.0012253222065769405,5.271000363101145e-4,1.3805636929765328e-4,0.0019458479014479767,5.616024475664845e-4,0.0016869135866631043,1.3562278780385377e-4,6.121565871688048e-4,1.3213486056015748e-4,1.3626316128942574e-4,2.5776025189779516e-4,0.006333520264323624,1.034793315304969e-4,1.1663652244993124e-4,3.117630050786729e-4,1.0913829606033297e-4,3.27273011799357e-4,1.5511429480761127e-4,4.896580834438723e-5,2.2189588370795848e-4,2.3623534436315751e-4,3.425861306998646e-4,9.591672584686103e-5,2.80421801001503e-4,3.234978062546943e-4,0
ISIC 239,3.4633577404062524e-4,0,0.001811154607713072,0.003165453619831543,0.004329230528176627,0.0017826001303227,3.2874906050092104e-4,0.0039861244820232735,9.680859662607057e-4,0.0014483630486871177,0.0010345963564439744,0.0010345963564439744,0.0031702174900972184,0.04425816149522356,1.0442581614952235,0.0032325331143031157,0.0036759666197308193,0.0015813001089303438,4.1416910789295996e-4,0.005837543704343929,0.0016848073426994532,0.005060740759989311,4.068683634115615e-4,0.001836469761506414,3.9640458168047234e-4,4.0878948386827705e-4,7.732807556933855e-4,0.019000560792970873,3.1043799459149054e-4,3.4990956734979364e-4,9.352890152360182e-4,3.2741488818099885e-4,9.81819035398071e-4,4.6534288442283373e-4,1.468974250331617e-4,6.656876511238755e-4,7.087060330894723e-4,0.0010277583920995936,2.877501775405832e-4,8.412654030045093e-4,9.704934187640827e-4,0
ISIC 241,0.0013256405057408957,0,0.004716602086505369,0.002962656860581894,0.0023291716510655427,0.0014350073195692112,8.91648565680219e-4,0.0018424557392429063,0.0016905860012191177,0.0017719726515294805,0.0011937895729790579,0.0011937895729790577,0.0030171935524629977,0.0034934717371486717,0.0034934717371486717,1.032718867107389,0.040410336746481736,0.043878059091443454,0.0028176045224727634,0.022825113762776655,0.022533001432634203,0.016154311654042505,0.0054675235350245275,0.0075043941617211965,0.0011952246513904081,0.001164407167663238,0.0016963652167577938,0.002910598906255852,3.710059861546062e-4,0.0029040307577171296,4.547434428255465e-4,2.4919626178605673e-4,4.456265005139634e-4,4.139591674013921e-4,2.2130162919480192e-4,2.54380910378993e-4,3.8259385020612217e-4,0.0014856449331967206,3.959444885992959e-4,3.8856270100648453e-4,6.086716615567035e-4,0
ISIC 242,3.7827323453463465e-4,0,0.002765215354192516,0.0013582321647270163,0.0010985741763201143,7.616086101395425e-4,3.69665118288093e-4,9.589873075650683e-4,8.968338691813385e-4,4.568060773085442e-4,3.6402051044559356e-4,3.6402051044559356e-4,0.001588299506434791,0.002101293489440076,0.0021012934894400763,0.021334000648863503,1.0265227703467594,0.02890202723777584,0.00183430817450695,0.014945394356744674,0.014815536530296236,0.010602091426864803,0.00358241437610474,0.004778724377398076,3.247881118319546e-4,3.7483407428172866e-4,7.966695199316193e-4,0.0014488398177806207,1.613310506535429e-4,8.698784352079854e-4,1.9749811264080532e-4,1.299582724387679e-4,2.633548939495032e-4,2.0761732705166806e-4,7.418934271779988e-5,1.232582498666151e-4,1.826596785285603e-4,4.5464569315427985e-4,1.8254150734103232e-4,1.6843799457987385e-4,3.148473701718362e-4,0
ISIC 25,0.0024417150019533387,0,0.00973270001520755,0.00626209160971246,0.005356743217806906,0.00885521365673922,0.004063673130759962,0.013248509090804848,0.01041710219376822,0.0024468250846236355,0.005739511321789461,0.00573951132178946,0.015072024815208524,0.008360738363763814,0.008360738363763814,0.010871959778428577,0.012965923287274129,1.0496790771690299,0.009321803003969053,0.03459212537813703,0.029464529736220945,0.019682721095160425,0.01691248037048876,0.015634262186941167,0.0011074894883825687,0.004267677608437584,0.009231504205345058,0.02169354778747408,0.0011225913064361415,0.002777073585256403,0.0022279658794173867,0.001999447813031863,0.004410463513280009,0.0025430017001491427,4.671397395808681e-4,9.920653118075885e-4,0.0014254790604287307,0.0022889307315787496,0.0011098248464275363,0.0013605939229364872,0.002269576283824405,0
ISIC 26,4.941427675028637e-4,0,0.0015779985373412058,0.0015692209055220298,0.0015639548496251827,0.0015549407575298003,0.0020774817437463964,0.002791733823215913,0.003357340928910817,5.731041411221519e-4,0.0023516196481904745,0.002351619648190474,0.0031051105680014912,0.0018646910846117364,0.0018646910846117368,0.0017468321137628549,0.002038547751950585,0.003920664555309239,1.0198829737122592,0.008335565016541435,0.004804209897820569,0.0040687510652653025,0.00935410450008703,0.004147333978165905,7.579734141146178e-4,7.872020932588814e-4,0.0019469832605985373,0.0016146781872417146,0.0026186127311615313,0.0012836742479996228,0.0014495830367258463,0.002171950456718577,0.002870641222340977,0.0030889645761617963,7.941239404385517e-4,4.939836096197151e-4,0.0019351235189284265,0.001258894643842477,0.0014284076379630683,0.002041008432853325,0.0012763870768427712,0
ISIC 27,2.2221501823229886e-4,0,2.4211937958998786e-4,3.5758429410520984e-4,4.053537578658923e-4,1.681863099266067e-4,1.1522455705849083e-4,6.191566068465404e-4,1.8163892602984964e-4,1.4155378049654664e-4,4.2498706434781493e-4,4.2498706434781493e-4,8.397493772386033e-4,2.426449661327724e-4,2.426449661327724e-4,0.0015685239560487723,0.0019231798261815545,0.0018500459429309339,0.0010955127205290417,1.0149588600243749,0.006627895289191907,0.0025046965081143226,9.712647686662512e-4,8.945658363633735e-4,1.3416086108024704e-4,1.4797651804160388e-4,7.240024231925809e-4,0.0046450222911885155,3.997670465889245e-4,3.263283635745778e-4,2.66944330275814e-4,2.4053656478634515e-4,6.517524699541624e-4,0.001089264660044625,9.504649623575938e-5,1.8722710754051205e-4,4.299819672637947e-4,6.296058886370492e-4,2.9932846025490674e-4,2.479409892699323e-4,0.0012995553943850272,0
ISIC 28,6.46163831817708e-4,0,0.010058694789173,0.01030452756815996,0.013934318149752836,0.0015344094853489828,6.288309946972936e-4,0.002050877120441396,0.0035130733299488155,4.4859280218197345e-4,0.001633685292614841,0.001633685292614841,0.003156073241256283,0.001249583221552726,0.001249583221552726,0.0016706924396382196,0.0019744302596268336,0.005329412838840873,5.330799049974893e-4,0.004694496171050488,1.0254981080347518,0.014726485500099763,0.004187046123942968,0.0014651292136707674,6.224128421787076e-4,7.217287921963162e-4,0.0065927872917282675,0.008585647089658003,7.971233781398606e-4,0.0010530268389101745,8.704975764732743e-4,5.858286629217786e-4,9.219292527093875e-4,0.001351030786829513,3.3634713294607003e-4,4.7372930532844817e-4,7.925478501721076e-4,9.951434972276958e-4,0.002316586332555834,7.70971315002615e-4,0.0020689002262100323,0
ISIC 29,8.588029452895663e-4,0,0.0012164118762169889,0.002420421612374938,0.001394287169385517,0.0013946573239874288,3.632720422576268e-4,0.0034218750808736194,0.0010675489022323223,2.0623366398563698e-4,5.189374643252874e-4,5.189374643252876e-4,7.24759423354315e-4,0.0010776997175983153,0.0010776997175983153,6.548506379137611e-4,7.663488639949347e-4,0.0010816109587192,6.182559665295033e-4,0.001391670839541516,0.007555256915880144,1.0758770034839977,0.0017900279534941435,0.0011390038055261696,1.7209825634955568e-4,1.763588993975133e-4,0.0023392234322376034,5.832023988845558e-4,0.0011953401444266178,0.0018879506625779406,4.870504321025251e-4,3.137103262566363e-4,5.078716103171563e-4,2.585425779807374e-4,1.1498297925152802e-4,9.562720883889954e-5,0.001034971583745247,9.90886784383937e-4,4.228335914781563e-4,6.584121563211996e-4,0.0024967073810326684,0
ISIC 30,7.94848184952624e-5,0,9.338193113997604e-5,1.3009569833666814e-4,1.0077589328682859e-4,1.1804457822468827e-4,8.518562053995725e-5,1.5404381746995845e-4,1.0130786130574e-4,5.815572465352448e-5,7.74957290158605e-5,7.74957290158605e-5,9.273660918221392e-5,1.435452502025271e-4,1.4354525020252712e-4,9.315169912376736e-5,1.0184951775342827e-4,1.6350364622739154e-4,3.719787100979552e-5,7.186029565594368e-5,2.8164444929296015e-4,5.882486810113683e-4,1.0446323423970185,7.903525754651472e-5,9.415838302618498e-5,9.389250273462684e-5,3.3479676284777735e-4,7.668239170683603e-5,1.334136424122369e-4,0.0019214577274349457,9.453059062249708e-5,6.593789209567737e-5,5.80882719927842e-5,9.140660174954545e-5,5.350665348036752e-5,3.6259345898001566e-5,2.2560963932700156e-4,0.0012714556890987493,5.192190120542745e-5,8.268797650027032e-5,9.911880274664529e-5,0
ISIC 31T33,7.122941041403042e-4,0,0.0011721114156111507,0.0015093278257153537,0.0013656988909860142,9.673963267538163e-4,0.0024557531082892176,0.00273392883534014,0.0012434927897713827,5.337955971095197e-4,0.0011278666227847972,0.0011278666227847972,0.0022440775015165368,0.001141118155787389,0.001141118155787389,6.797464309471571e-4,7.160207139406766e-4,0.0010033403474618687,5.872048263569959e-4,0.0019469045034596754,0.003033095209493704,0.0020279055604770363,9.309923075212951e-4,1.0154079554402298,6.315348340660382e-4,6.674239184012591e-4,0.0018908159742945035,0.007259314281544845,0.0012152318967019096,0.0010527243066725581,0.001331601948325029,8.175374887472653e-4,8.509278699339124e-4,0.0011040858764713715,5.753650656582441e-4,8.537982950379874e-4,0.0011936510058792628,0.0012689783030128163,8.251617094705884e-4,0.006724066279617042,0.0015889043020831134,0
ISIC 351,0.0042205006435877684,0,0.0059281217414430785,0.0062803938441763005,0.0013954765221758662,0.002347941265055342,0.0021371743655444956,0.003027332810198995,0.003863951378786265,0.006157982747711157,0.003088023539172251,0.003088023539172251,0.003513469981844062,0.004934833525619522,0.004934833525619522,0.004131891813662831,0.0036283318546013387,0.0024438763781773625,7.530165132281107e-4,0.001358455425212811,0.0014098602233973228,0.0011882113304885619,0.001509265910921448,0.0013434047523863842,1.009820980783085,0.008757330736961234,0.006926572850430539,0.001401060527923568,0.002079850362981123,0.0018387424216318765,0.0034913863859954894,6.938577389931496e-4,0.001235304443668114,7.834077618346353e-4,6.525922248256908e-4,0.0013573833920096044,0.0010539130972487389,0.002184705342440189,0.002347929574573674,0.0014558940137884041,0.001853143408759062,0
ISIC 352T353,0.001482636233211535,0,0.00265678136612202,0.0021895471115014956,5.061435807759283e-4,8.122634677747147e-4,7.420778722105576e-4,0.001047449058731557,0.0013303841809916637,0.0032775124544538853,0.0010846113602733186,0.0010846113602733186,0.0012184696058864656,0.001694608597874926,0.0016946085978749262,0.0016657804588114625,0.001265204312842468,8.586424292767848e-4,2.5944429715874906e-4,4.8116285223771083e-4,4.953341084417236e-4,4.1599453629130665e-4,5.181679296728178e-4,4.716031070140465e-4,0.0037881564836256014,1.003337814632757,0.0023098614180245966,5.04807914033378e-4,7.133922206945075e-4,7.094968667696901e-4,0.0011930065518802255,2.3965751595296994e-4,4.236202222944749e-4,2.7225940506107177e-4,2.259242322837505e-4,4.4457162458694303e-4,3.617793668876836e-4,8.017188400605217e-4,8.038057303834022e-4,4.975056465419619e-4,6.327284601323264e-4,0
ISIC 36T39,0.0010100243822595521,0,0.001345079833696323,0.001514548311855725,5.598002443359998e-4,7.803875091582778e-4,6.32762261016905e-4,8.855927004552118e-4,0.0010822873606333798,0.0010476792522310114,0.00100875802961268,0.0010087580296126795,9.992005508134372e-4,0.0013956895601286198,0.00139568956012862,9.908688164459198e-4,9.767492820077273e-4,7.277780432797074e-4,2.2876846785530345e-4,4.055423187040264e-4,4.589670729054153e-4,3.459844891526348e-4,4.3322613188938325e-4,4.7184072670357097e-4,0.002129402962484153,0.002048590932725126,1.0135054102722953,5.179533277477198e-4,7.419625356336338e-4,6.758125847017986e-4,0.0012228091568250111,2.3358939660373193e-4,3.56689536457816e-4,3.098492798020416e-4,3.601700916924237e-4,0.0017165320406419295,5.631530350931504e-4,0.0018736212112852699,7.60349618853887e-4,7.677698965131033e-4,8.537475208249926e-4,0
ISIC 41T43,0.005706930650150576,0,0.0030119586965278253,0.034050535043263754,0.021289790720167564,0.004040526262337,0.0028099611003854423,0.0045498112051318524,0.006641009419717766,0.01564451896047879,0.0039823522939064805,0.0039823522939064805,0.004951551683476065,0.009484038907787049,0.009484038907787049,0.008179447704453143,0.006324096144015358,0.005451407748809831,0.0020600288458250443,0.002537726981978511,0.003575185209692378,0.002407853994585295,0.001971042999292903,0.003262106187393267,0.012330712603048166,0.013616188033586666,0.005658746579372568,1.001953609672402,0.005332990442412016,0.007129260181334078,0.006605647611677843,0.002182827544923603,0.0042738632336845805,0.0020290501295810916,0.004035368531424609,0.031059706079421018,0.0034357781466817323,0.023097154864041954,0.008370794408600567,0.004227300343866063,0.007327318103933924,0
ISIC 45T47,0.04157124879579053,0,0.010844983667843248,0.019438471175146157,0.015150778432232033,0.037100772819518166,0.02114063071972839,0.037899265333990566,0.028627744344848823,0.014993889033806676,0.027761766164327545,0.027761766164327538,0.027549874283370347,0.019845764578066496,0.019845764578066496,0.02698896868146261,0.029970198060069037,0.02061890851489495,0.011347633875527029,0.02458359761765275,0.030856640723233502,0.03928401523740402,0.013982767467489287,0.025312082175195535,0.01221024480413282,0.011363087329055074,0.015954055799342375,0.06247310170247553,1.0114957323901528,0.021213723139029337,0.02031324625688405,0.010028339427913648,0.011185276008213717,0.00641476345774265,0.003935854291138046,0.0061173954071875565,0.00865712863871778,0.010677723696369058,0.006597417485663437,0.011091267873799488,0.014910262676884275,0
ISIC 49T53,0.03217790344783756,0,0.008615592700592886,0.027825182347962673,0.01252999027852925,0.04180433282523306,0.023315446111710086,0.04459088110846465,0.03381430793275563,0.02097804103492998,0.01935314308134965,0.019353143081349646,0.031492447233185825,0.057962563412885644,0.05796256341288565,0.03700018650201661,0.04098229351404623,0.018833370234888874,0.004980932545248438,0.015185724839148552,0.015040322655044474,0.0156462534877006,0.007441203496948597,0.0175441629991671,0.031578274427562975,0.03044135877051054,0.029527511842820313,0.01798007066058102,0.03786888618799316,1.1238287041385724,0.011622185067690456,0.008201949036990886,0.005228194115675376,0.015648970840163593,0.008072055865419474,0.00432758232629223,0.013229668516270382,0.017780313133172885,0.007758192108270743,0.013005152792086536,0.01020861472119883,0
ISIC 55T56,0.002032903283389946,0,0.0015318308637932887,0.0020680690326929673,0.0064505897860948486,0.0023397758692290074,0.0018647544025103416,0.0031114785749227643,0.0037431012394764465,0.001125239858555375,0.00154270831557719,0.00154270831557719,0.003368289064941556,0.004224218781806434,0.004224218781806433,0.0021608968673800942,0.002418296667261478,0.00285710419868744,7.742672258128065e-4,0.0014297426850244258,0.0023947420779831135,0.0015817008325781762,0.0011078002934049223,0.0028195770082528023,0.006329697601673024,0.005595837309640868,0.008667506426896246,0.0016918008440337095,0.00587596354817887,0.011571829447133846,1.0141235576788137,0.003290806217041346,0.0030612624425874644,0.015809306754940074,0.010536679456572086,0.008361923382838855,0.012777800896238483,0.006140070008310378,0.006663047457724016,0.02229812835434415,0.0054965231235983136,0
ISIC 58T60,0.0011509038084273851,0,0.0016315577095197431,0.001602687259764476,0.0025826198739193275,0.001334748116722606,0.0011532764800049626,0.0018262476259665583,0.0020076757684246963,4.4823461752411566e-4,8.758494271620424e-4,8.75849427162042e-4,0.0011888364925136932,0.0027637147267626804,0.0027637147267626804,8.956798809130676e-4,0.0010068868927643065,0.001773418992543937,6.711624103591103e-4,9.03461950575632e-4,0.0017047728440107816,8.281729202028878e-4,0.0012575175550412704,0.0016431863684334565,0.0017375972658661928,0.0030449539589511385,0.003298378971650441,0.0018098652148270894,0.0029604873170525152,0.0028025168725156757,0.003871005779414685,1.0327954058753734,0.03515036158229182,0.006046404932423131,0.002786715152691674,0.0010715969648014097,0.0039195341744049286,0.00929998671640714,0.003078100361590882,0.002917742620962357,0.003095708534908853,0
ISIC 61,0.0015932783261712524,0,0.0022985809143707377,0.0023751424328679444,0.0039046879433717167,0.0019341132923913833,0.0017164565231993873,0.002497612159174412,0.0026922783424410536,6.335577113827831e-4,0.00129447636268325,0.00129447636268325,0.0016910025963335687,0.004006591387043438,0.004006591387043438,0.0012531616784960922,0.001407156616763988,0.0024438105429566937,9.464011917586523e-4,0.0012905237395263115,0.002388057190543185,0.0011830059711154118,0.0015492359924606887,0.0023027681665880643,0.0021809456289246156,0.004235189544052808,0.00463204461781044,0.0024480922589791535,0.0037547515040149597,0.003986548399125824,0.005090545211097431,0.018640771964194162,1.0460198984524731,0.007274585964280671,0.003603329892723059,0.0015390000459028896,0.004528609836922049,0.012169165259231299,0.0034930100674801083,0.003346949426031827,0.004146201303989606,0
ISIC 62T63,0.0020360464456062387,0,0.010212709957165151,0.00670467056321054,0.004462800504480159,0.003994694669464514,0.003761774206437628,0.006147718322704817,0.006014835897404777,0.0019197220682580607,0.0025714170712557525,0.0025714170712557525,0.004039286350775298,0.007932136755701842,0.007932136755701842,0.003480301730459384,0.0038681645936725875,0.007076081785545033,0.0021098625739220827,0.003655962583879828,0.00770677403936674,0.002842529803778538,0.0069189860467285865,0.006217334507249165,0.008837361068425885,0.0077962397714872915,0.011402170199437948,0.00435382706100085,0.009646698583574306,0.005880194492868468,0.01129693896483796,0.015827468866363718,0.00879166549786208,1.0204198369386355,0.011765285666661508,0.0020204880606286887,0.013263377135406377,0.016115687967435236,0.010091137112141244,0.006720491970366382,0.008947396280785535,0
ISIC 64T66,0.006793109559304971,0,0.012626699398314612,0.01866940744994444,0.05363755982564926,0.005584856685290849,0.006836916118825281,0.004758831778562232,0.004705710750224325,0.0020646544813555322,0.00434016557476267,0.00434016557476267,0.004968990940404222,0.007596299831115501,0.007596299831115501,0.007292019499987516,0.008591216722849687,0.008435910501411301,0.0036863483875094446,0.007274307751728269,0.008144395767101131,0.006640796855833998,0.003961255895117802,0.009280665422970283,0.006871860223193298,0.009479462838368372,0.008082482508669662,0.004084489477874058,0.010965314411034191,0.01686460293050269,0.013880632333035336,0.006689180554331866,0.007650180187012215,0.00622016656990158,1.0993890524781347,0.01600270412233465,0.013467154209123249,0.010801188915392418,0.007540288376181623,0.01240145735960376,0.01017008910209561,0
ISIC 68,0.015402133313745793,0,0.012275843919242668,0.009793949827353054,0.01656590943070796,0.013854907174018322,0.015874386830217357,0.014084558757463516,0.022970802598735695,0.0036841122285155388,0.011420447830172778,0.011420447830172778,0.017854189504255435,0.015406596251996802,0.015406596251996803,0.006768284895630314,0.007534818043719435,0.01985041605440559,0.011542588834918597,0.010286260264025258,0.011951035689706253,0.00855836741265276,0.0072544544628722904,0.018023427367657694,0.02204961308500393,0.020561054805937645,0.03238818133948912,0.01711365243878849,0.06775083902938077,0.027049053291532576,0.062378630728094714,0.028866537936713576,0.03908120814252191,0.02653044237529101,0.030830520597118008,1.0386312758407061,0.0554303555186003,0.016491175069091955,0.09876368758859588,0.07674017236497967,0.0926646864809918,0
ISIC 69T82,0.012491184249103414,0,0.07245268982839242,0.07011564801207444,0.07099601615801021,0.03722797460596061,0.04115432931050551,0.021355822735593815,0.03353455254704776,0.015938153213699395,0.03654393611527516,0.036543936115275164,0.02662614533705988,0.03686660992110988,0.03686660992110988,0.022001581764548916,0.02350857228581703,0.03772454319526736,0.02248890490407903,0.026363546338869025,0.04317431549336036,0.026177429189311565,0.025670681891223616,0.04065209652425342,0.0332993172417151,0.03462016860283725,0.05636281374392549,0.02716993134125065,0.06244705896284207,0.058156137137525245,0.06685243968720218,0.04972575857151712,0.04347863331245085,0.062326436148916954,0.03686012640348961,0.022526651437371134,1.0607322554521432,0.027949966803110737,0.032683179470941945,0.05459638396319625,0.04193571317638199,0
ISIC 84,0.004094361204207261,0,0.004358405238475841,0.0053818937652742515,0.0039903116189483325,0.005428978162151325,0.0039459426152804785,0.004231552381305462,0.005151556853938931,0.003885079574953472,0.004717870689365994,0.004717870689365993,0.004193583696213611,0.0060566418373181425,0.0060566418373181425,0.004087793107909055,0.0041381750609798176,0.0037540838310948315,0.0014271933436620853,0.0025166121526655053,0.0032799429754965742,0.0021686093847024185,0.002167124411481626,0.003220531942513266,0.006729760245948526,0.00670619308356122,0.01409640438765438,0.0022862633897313884,0.006493521035115714,0.007281879552912416,0.00826685141547899,0.0030863567894943928,0.0034073367488851704,0.004189879406756341,0.0040281457291401635,0.0033258762850809256,0.005094434230381938,1.0069147178114521,0.004528528949709339,0.0065093722245249345,0.0058945035796458,0
ISIC 85,1.97675090086654e-4,0,6.309612600945383e-4,6.270012550788703e-4,7.827152450830001e-4,3.9193502772284165e-4,3.9186672437651075e-4,3.257231550663817e-4,4.5484423150586427e-4,1.8158574774337541e-4,3.4418037868946474e-4,3.4418037868946474e-4,3.5650510248842786e-4,4.8750740006880277e-4,4.8750740006880277e-4,2.761328691815299e-4,2.996313922738028e-4,4.2981051987993303e-4,2.0511367891167404e-4,2.7206223143783103e-4,4.5400747357292917e-4,2.761072400274603e-4,2.708552492968201e-4,4.4156914573124744e-4,5.827700495884369e-4,5.570568202616841e-4,8.421636480836895e-4,3.066244325036727e-4,9.338615662562059e-4,9.377467575028155e-4,0.0010925432584926874,5.758173026039387e-4,5.053238585101833e-4,0.001199937062815818,7.431331262180503e-4,5.057490832059606e-4,0.0010163983948757878,0.0010677422685522932,1.0016729001715183,0.0012800239958314556,0.0013532062021554233,0
ISIC 86T88,2.1912468909836177e-4,0,3.42969723811464e-4,3.8328001560508195e-4,3.4592584545235344e-4,2.886924237307613e-4,2.3915542435717514e-4,2.6723093925081577e-4,2.761257744534308e-4,1.479288779413963e-4,2.4187798085293025e-4,2.4187798085293022e-4,2.3161495223890198e-4,2.785117948022136e-4,2.7851179480221363e-4,2.1111389309434625e-4,2.2681775075889096e-4,2.5996136696714755e-4,1.2753115923914028e-4,2.020567879761503e-4,3.089104835410952e-4,2.4352563485604073e-4,1.8718701824790312e-4,2.7264788529528553e-4,2.681852926198303e-4,2.5800276466715047e-4,3.8158090819625986e-4,3.363504747600507e-4,3.404205110536314e-4,3.532854239251747e-4,4.311833161013443e-4,3.038624745881469e-4,2.3303561620734717e-4,4.306491447995598e-4,2.662672537131763e-4,1.8195903503256058e-4,4.0578726273200814e-4,0.0040740117833682025,2.477192483349728e-4,1.010331917545365,4.2188019988275604e-4,0
ISIC 90T96,0.0025647958559923537,0,0.002003802258682324,0.0031579250505184638,0.006149025195072044,0.004013980486555614,0.0030415522455219247,0.004955237609114578,0.006749907778448033,0.002695559360632343,0.0038400771006064094,0.003840077100606408,0.005251394785482039,0.008777543230595609,0.008777543230595609,0.005290825015546464,0.0059358463445403215,0.00580207409460185,0.0020637643467859485,0.002539676318086208,0.004076689474049591,0.00275277898828862,0.0022366750714460314,0.0039730213482869325,0.0034593318361234005,0.005090114429582021,0.024365178913521274,0.004934895586744948,0.009499996690254428,0.011178425192242221,0.01260814851635179,0.012804000240942677,0.028271707607141268,0.006916773288991394,0.00702513196282153,0.007909009891938103,0.012526700363312377,0.010584056779979702,0.009616637941160687,0.009462608704566125,1.0206324781646863,0
ISIC 97T98,0,0,0,0,0,0,0,0,0,0,0,0,0,0,0,0,0,0,0,0,0,0,0,0,0,0,0,0,0,0,0,0,0,0,0,0,0,0,0,0,0,1
