Pollutant:,NOX,Unit: grams,,,,,,,,,,,,,,,,,,,,,,,,,,,,,,,,,,
,2015.0,2016.0,2017.0,2018.0,2019.0,2020.0,2021.0,2022.0,2023.0,2024.0,2025.0,2026.0,2027.0,2028.0,2029.0,2030.0,2031.0,2032.0,2033.0,2034.0,2035.0,2036.0,2037.0,2038.0,2039.0,2040.0,2041.0,2042.0,2043.0,2044.0,2045.0,2046.0,2047.0,2048.0,2049.0,2050.0
agriculture and forestry 01T03,0.0,0.0,0.0,0.0,0.0,53495.40517961571,53862.99081035923,54232.24728487886,57349.0813648294,58558.162856198825,59176.06031569887,59658.851137230515,60128.7522461736,60552.83824406515,61021.55567397799,61477.16430117332,61369.22576807451,61406.42400035952,61144.99814723138,61032.584434779885,60902.18443345428,60851.74780958877,60782.00621154444,60784.45393222668,60785.051827140975,60783.60180171761,60758.62954551848,60846.000675615884,60908.49655579816,60999.74680933392,61162.748398206335,61683.3238646853,62210.20860806001,62755.10725820282,63226.244278104874,63709.7113469557
coal mining 05,0.0,0.0,0.0,0.0,0.0,0.0,0.0,0.0,0.0,0.0,0.0,0.0,0.0,0.0,0.0,0.0,0.0,0.0,0.0,0.0,0.0,0.0,0.0,0.0,0.0,0.0,0.0,0.0,0.0,0.0,0.0,0.0,0.0,0.0,0.0,0.0
oil and gas extraction 06,0.0,0.0,0.0,0.0,0.0,57328852.1669627,58366342.91296625,55300248.466308385,55481215.90460526,60034219.115245104,61072381.6929078,58950558.65073064,60121561.67368784,62009693.841692574,63347042.38151241,65070899.217591286,66299498.64186511,67312249.97662844,67788157.8852149,67974565.57825045,68457416.44306216,68371322.96984278,68527228.0512506,68787128.84729743,68850191.67300063,69986063.43998091,70244436.484747,70864923.76763928,71034052.64504361,71344636.36656389,71865448.80720289,72442950.54631995,72705607.08447723,72409938.21402009,72742388.71142222,73398549.21667166
other mining and quarrying 07T08,0.0,0.0,0.0,0.0,0.0,0.0,0.0,0.0,0.0,0.0,0.0,0.0,0.0,0.0,0.0,0.0,0.0,0.0,0.0,0.0,0.0,0.0,0.0,0.0,0.0,0.0,0.0,0.0,0.0,0.0,0.0,0.0,0.0,0.0,0.0,0.0
food beverage and tobacco 10T12,0.0,0.0,0.0,0.0,0.0,0.0,0.0,0.0,0.0,0.0,0.0,0.0,0.0,0.0,0.0,0.0,0.0,0.0,0.0,0.0,0.0,0.0,0.0,0.0,0.0,0.0,0.0,0.0,0.0,0.0,0.0,0.0,0.0,0.0,0.0,0.0
textiles apparel and leather 13T15,0.0,0.0,0.0,0.0,0.0,0.0,0.0,0.0,0.0,0.0,0.0,0.0,0.0,0.0,0.0,0.0,0.0,0.0,0.0,0.0,0.0,0.0,0.0,0.0,0.0,0.0,0.0,0.0,0.0,0.0,0.0,0.0,0.0,0.0,0.0,0.0
wood products 16,0.0,0.0,0.0,0.0,0.0,0.0,0.0,0.0,0.0,0.0,0.0,0.0,0.0,0.0,0.0,0.0,0.0,0.0,0.0,0.0,0.0,0.0,0.0,0.0,0.0,0.0,0.0,0.0,0.0,0.0,0.0,0.0,0.0,0.0,0.0,0.0
pulp paper and printing 17T18,0.0,0.0,0.0,0.0,0.0,2240459703.0752916,2272638441.1452813,2407870262.969784,2495206882.556304,2470017287.582205,2467936209.211013,2477439769.0999317,2475556440.80367,2485832836.210576,2502832773.1347957,2515744971.6246033,2540759727.6668687,2565005102.7250357,2579691904.8892703,2598390464.0928307,2616330899.045633,2621451574.2848086,2631480241.16416,2656884606.1476765,2658208489.3605514,2682553406.136193,2716344335.282988,2742260278.305737,2761843287.781535,2772361814.1380444,2781186960.9574065,2790643188.9327044,2790318962.58616,2794291007.824356,2802067323.5291743,2811266598.153455
refined petroleum and coke 19,0.0,0.0,0.0,0.0,0.0,1356790495.7570345,1360694830.2813756,1364835454.5454545,1262481882.0032015,1651884849.3511856,1736016753.286704,1834249692.3454545,1910044876.515458,1897538976.9439259,1857655862.4461303,1847100005.329829,1821001704.33937,1867487062.447261,1878110219.1998363,1874897171.5711243,1908102253.3133857,1911241550.4559855,1933343120.7719576,1912124820.2001047,1913561824.4560225,1916910275.84599,1897676319.050773,1915085086.892781,1907145761.7063644,1919745047.3356724,1925716519.7088225,2067250894.6314316,2066213234.1295538,1978159389.603267,1924336069.4300444,1943863337.260673
chemicals 20,0.0,0.0,0.0,0.0,0.0,506192904.5732806,60885405.47754765,44558749.42394811,49841313.9425675,89140037.14879161,47875632.80251815,22114395.808295216,38773854.22262031,55827966.45146036,71169606.87923288,82886503.23473701,91332655.85369012,98184828.5275268,112863264.13673493,125671727.73118567,135655155.2360162,150154366.26572886,163423945.73517135,173353880.44809282,182344068.49643284,190588204.91749686,198193572.55797777,213029280.85901555,230607935.00584394,244106336.44242793,260297137.39942977,266117573.66574568,271249788.9620773,274695211.0611911,283046116.25543225,294368129.6553229
rubber and plastic products 22,0.0,0.0,0.0,0.0,0.0,0.0,0.0,0.0,0.0,0.0,0.0,0.0,0.0,0.0,0.0,0.0,0.0,0.0,0.0,0.0,0.0,0.0,0.0,0.0,0.0,0.0,0.0,0.0,0.0,0.0,0.0,0.0,0.0,0.0,0.0,0.0
glass and glass products 231,0.0,0.0,0.0,0.0,0.0,0.0,0.0,0.0,0.0,0.0,0.0,0.0,0.0,0.0,0.0,0.0,0.0,0.0,0.0,0.0,0.0,0.0,0.0,0.0,0.0,0.0,0.0,0.0,0.0,0.0,0.0,0.0,0.0,0.0,0.0,0.0
cement and other nonmetallic minerals 239,0.0,0.0,0.0,0.0,0.0,4794774060.632402,5017630409.649027,4784437752.976191,4987408009.871669,5674339106.007738,5164241692.033451,4780952932.87611,4543517046.1081,4349831608.788226,4291509125.1388307,4225198117.0356297,4166118236.911278,4112935456.8970823,3412219460.495167,3281824993.430601,3136803088.097312,2998469204.104711,2912399306.5659223,2839554966.679579,2721690506.1918774,2645768240.345191,2563424190.0461392,2492264104.5358977,2438987346.312265,2399500134.757725,2337559047.3734717,2297789015.5476484,2262112889.24312,2224166513.528885,2197237057.384389,2177290022.1837964
iron and steel 241,0.0,0.0,0.0,0.0,0.0,2165343962.7582192,2190326709.3395405,2583650695.6226673,2515026114.023591,2437992000.485629,2275174811.4434247,2046858597.1827939,1961679119.490882,1988956149.9195824,1995295191.4259608,1972360503.8760526,1929819444.976605,1858034982.6868892,1858057453.4009523,1889768651.3186479,1898340336.3860955,1918343513.4435992,1939485233.6252248,1957642952.779809,1981146260.601259,1998040538.1540747,2003848333.5243745,2023784836.9774842,2061040308.5901933,2082495820.851974,2089122782.0138624,2082986073.7282572,2058451935.123164,2030363138.7071233,2031459878.967003,2050460143.9313433
other metals 242,0.0,0.0,0.0,0.0,0.0,18556973.737373736,19122698.989898987,19389490.05235602,21061669.26503341,21765680.65519137,21523935.792823374,21428521.757702574,21896384.537681177,22691283.04142715,23344440.0265706,23895289.487465765,24210901.453878567,24260412.5659144,24247452.04419026,24307268.08956933,24455853.66070027,24686358.765117683,24936058.01383078,25129995.6277482,25274413.256003153,25525047.434639502,25716259.021716945,25865284.499862637,26110090.129977357,26368244.074795328,26497171.45239267,26539413.808717582,26572607.103260916,26636601.840498406,26703797.28039001,26697866.55308858
metal products except machinery and vehicles 25,0.0,0.0,0.0,0.0,0.0,0.0,0.0,0.0,0.0,0.0,0.0,0.0,0.0,0.0,0.0,0.0,0.0,0.0,0.0,0.0,0.0,0.0,0.0,0.0,0.0,0.0,0.0,0.0,0.0,0.0,0.0,0.0,0.0,0.0,0.0,0.0
computers and electronics 26,0.0,0.0,0.0,0.0,0.0,0.0,0.0,0.0,0.0,0.0,0.0,0.0,0.0,0.0,0.0,0.0,0.0,0.0,0.0,0.0,0.0,0.0,0.0,0.0,0.0,0.0,0.0,0.0,0.0,0.0,0.0,0.0,0.0,0.0,0.0,0.0
appliances and electrical equipment 27,0.0,0.0,0.0,0.0,0.0,0.0,0.0,0.0,0.0,0.0,0.0,0.0,0.0,0.0,0.0,0.0,0.0,0.0,0.0,0.0,0.0,0.0,0.0,0.0,0.0,0.0,0.0,0.0,0.0,0.0,0.0,0.0,0.0,0.0,0.0,0.0
other machinery 28,0.0,0.0,0.0,0.0,0.0,0.0,0.0,0.0,0.0,0.0,0.0,0.0,0.0,0.0,0.0,0.0,0.0,0.0,0.0,0.0,0.0,0.0,0.0,0.0,0.0,0.0,0.0,0.0,0.0,0.0,0.0,0.0,0.0,0.0,0.0,0.0
road vehicles 29,0.0,0.0,0.0,0.0,0.0,0.0,0.0,0.0,0.0,0.0,0.0,0.0,0.0,0.0,0.0,0.0,0.0,0.0,0.0,0.0,0.0,0.0,0.0,0.0,0.0,0.0,0.0,0.0,0.0,0.0,0.0,0.0,0.0,0.0,0.0,0.0
nonroad vehicles 30,0.0,0.0,0.0,0.0,0.0,0.0,0.0,0.0,0.0,0.0,0.0,0.0,0.0,0.0,0.0,0.0,0.0,0.0,0.0,0.0,0.0,0.0,0.0,0.0,0.0,0.0,0.0,0.0,0.0,0.0,0.0,0.0,0.0,0.0,0.0,0.0
other manufacturing 31T33,0.0,0.0,0.0,0.0,0.0,2573605261.499685,2595138241.9659734,2821716182.795523,3067981342.957298,3017934905.163203,2936309792.76323,2894728359.3715634,2888788567.2155027,2899178595.134944,2942600357.8663373,2995823184.974638,3047573736.2483683,3135161794.3951397,3210085440.277476,3287630635.429518,3353802938.3220387,3393595145.379957,3444589153.285653,3519352436.8056116,3565217276.5833435,3634154791.486906,3701328507.0327916,3758249914.5442805,3803282968.1179943,3847618293.2338243,3898925857.8205943,3987703119.995015,4043130612.200586,4091140382.2246876,4144107605.4340315,4198399994.6163645
energy pipelines and gas processing 352T353,0.0,0.0,0.0,0.0,0.0,22856167.778836988,22768484.270734034,26269360.7154687,28725811.965811964,32989524.34802131,33600768.95639176,33791330.902878396,36006575.46727828,38786641.22774827,39223428.04362267,39849032.84347658,39386603.01879747,38571535.32616823,37185160.35794761,36259483.68782668,35881496.75384128,35845377.77217289,35875590.04801469,35432392.74093022,35593798.093448214,35422800.49261218,35060889.49594562,35025511.90514665,35224828.629263565,35395722.8776531,35588292.64816081,35709380.55990153,35471402.758380756,35324393.3741362,35497954.45812155,35895394.78968888
water and waste 36T39,0.0,0.0,0.0,0.0,0.0,0.0,0.0,0.0,0.0,0.0,0.0,0.0,0.0,0.0,0.0,0.0,0.0,0.0,0.0,0.0,0.0,0.0,0.0,0.0,0.0,0.0,0.0,0.0,0.0,0.0,0.0,0.0,0.0,0.0,0.0,0.0
construction 41T43,0.0,0.0,0.0,0.0,0.0,0.0,0.0,0.0,0.0,0.0,0.0,0.0,0.0,0.0,0.0,0.0,0.0,0.0,0.0,0.0,0.0,0.0,0.0,0.0,0.0,0.0,0.0,0.0,0.0,0.0,0.0,0.0,0.0,0.0,0.0,0.0
