Pollutant:,PM10,Unit: grams,,,,,,,,,,,,,,,,,,,,,,,,,,,,,,,,,,
,2015.0,2016.0,2017.0,2018.0,2019.0,2020.0,2021.0,2022.0,2023.0,2024.0,2025.0,2026.0,2027.0,2028.0,2029.0,2030.0,2031.0,2032.0,2033.0,2034.0,2035.0,2036.0,2037.0,2038.0,2039.0,2040.0,2041.0,2042.0,2043.0,2044.0,2045.0,2046.0,2047.0,2048.0,2049.0,2050.0
agriculture and forestry 01T03,0.0,0.0,0.0,0.0,0.0,2246807.01754386,2262245.6140350876,2277754.3859649124,2408661.417322835,2459442.839960351,2485394.533259352,2505671.7477636817,2525407.594339291,2543219.206250737,2562905.3383070757,2582040.900649279,2577507.4822591296,2579069.8080151,2568089.9221837176,2563368.5462607555,2557891.746205079,2555773.4080027286,2552844.260884867,2552947.065153521,2552972.1767399213,2552911.2756721396,2551862.4409117755,2555532.028375867,2558156.855343523,2561989.365992025,2568835.4327246654,2590699.602316783,2612828.7615385205,2635714.5048445184,2655502.2596804043,2675807.8765721396
coal mining 05,0.0,0.0,0.0,0.0,0.0,0.0,0.0,0.0,0.0,0.0,0.0,0.0,0.0,0.0,0.0,0.0,0.0,0.0,0.0,0.0,0.0,0.0,0.0,0.0,0.0,0.0,0.0,0.0,0.0,0.0,0.0,0.0,0.0,0.0,0.0,0.0
oil and gas extraction 06,0.0,0.0,0.0,0.0,0.0,1202040.2930728241,1223793.836589698,1159505.6304257957,1163300.0575657894,1258764.9606086754,1280532.590727564,1236043.3554636303,1260596.3120238835,1300185.6437268578,1328226.4429053196,1364371.3385055494,1390131.9451844012,1411366.7661381399,1421345.3451657973,1425253.8406178772,1435377.995787744,1433572.8345143446,1436841.7677419141,1442291.2267357926,1443613.4938774668,1467429.8373077812,1472847.2632410312,1485857.3042096456,1489403.506822774,1495915.6579217108,1506835.7708337652,1518944.5142238578,1524451.7541243634,1518252.329536867,1525222.9713380607,1538980.989093863
other mining and quarrying 07T08,0.0,0.0,0.0,0.0,0.0,0.0,0.0,0.0,0.0,0.0,0.0,0.0,0.0,0.0,0.0,0.0,0.0,0.0,0.0,0.0,0.0,0.0,0.0,0.0,0.0,0.0,0.0,0.0,0.0,0.0,0.0,0.0,0.0,0.0,0.0,0.0
food beverage and tobacco 10T12,0.0,0.0,0.0,0.0,0.0,0.0,0.0,0.0,0.0,0.0,0.0,0.0,0.0,0.0,0.0,0.0,0.0,0.0,0.0,0.0,0.0,0.0,0.0,0.0,0.0,0.0,0.0,0.0,0.0,0.0,0.0,0.0,0.0,0.0,0.0,0.0
textiles apparel and leather 13T15,0.0,0.0,0.0,0.0,0.0,0.0,0.0,0.0,0.0,0.0,0.0,0.0,0.0,0.0,0.0,0.0,0.0,0.0,0.0,0.0,0.0,0.0,0.0,0.0,0.0,0.0,0.0,0.0,0.0,0.0,0.0,0.0,0.0,0.0,0.0,0.0
wood products 16,0.0,0.0,0.0,0.0,0.0,0.0,0.0,0.0,0.0,0.0,0.0,0.0,0.0,0.0,0.0,0.0,0.0,0.0,0.0,0.0,0.0,0.0,0.0,0.0,0.0,0.0,0.0,0.0,0.0,0.0,0.0,0.0,0.0,0.0,0.0,0.0
pulp paper and printing 17T18,0.0,0.0,0.0,0.0,0.0,1222905266.8787558,1240469317.7801344,1314282610.1735644,1361953368.0707676,1348204186.0068877,1347068275.5071697,1352255583.0165634,1351227610.0119164,1356836752.6581266,1366115791.4074953,1373163628.7412777,1386817378.849697,1400051179.4020505,1408067644.815642,1418273838.8845162,1428066227.6357012,1430861234.7100835,1436335160.2306795,1450201569.7436066,1450924182.0501497,1464212315.2425444,1482656344.907359,1496801987.9533584,1507490939.5986028,1513232244.0565777,1518049254.829662,1523210727.2631657,1523033755.4987078,1525201808.3475952,1529446337.905204,1534467558.0476842
refined petroleum and coke 19,0.0,0.0,0.0,0.0,0.0,401136328.7181778,402290648.72711027,403514828.00982803,373253902.3553624,488381239.40733624,513254912.3718083,542297569.035789,564706483.3136777,561009102.8727542,549217624.2491027,546096775.6115657,538380789.4826584,552124227.3596643,555264973.1951135,554315032.7777766,564132145.0191516,565060281.039028,571594630.1542236,565321420.5322157,565746272.131172,566736244.7921414,561049708.1900021,566196626.0387698,563849357.4164301,567574347.5292128,569339818.699816,611184583.7696065,610877798.5102162,584844600.287459,568931687.3349968,574704941.6082029
chemicals 20,0.0,0.0,0.0,0.0,0.0,244893644.22038174,230916788.81130323,218698934.00909904,237788892.52327326,258823454.1290716,236782455.30929053,221263434.3749994,227599191.01401836,234912019.25905707,242426352.53030893,249510594.90899178,254610126.15351707,259702620.24929687,266262269.48714858,271485910.7976556,276183578.89927703,282423483.52407676,288427370.9784801,293389938.38538253,296700523.03357565,300861663.52884203,305418280.5349536,314187879.3010615,322701101.48155993,329234984.11099607,336488040.7334802,340042337.35692066,341200513.16179067,342400692.401748,347224479.6408827,353382802.22329515
rubber and plastic products 22,0.0,0.0,0.0,0.0,0.0,0.0,0.0,0.0,0.0,0.0,0.0,0.0,0.0,0.0,0.0,0.0,0.0,0.0,0.0,0.0,0.0,0.0,0.0,0.0,0.0,0.0,0.0,0.0,0.0,0.0,0.0,0.0,0.0,0.0,0.0,0.0
glass and glass products 231,0.0,0.0,0.0,0.0,0.0,0.0,0.0,0.0,0.0,0.0,0.0,0.0,0.0,0.0,0.0,0.0,0.0,0.0,0.0,0.0,0.0,0.0,0.0,0.0,0.0,0.0,0.0,0.0,0.0,0.0,0.0,0.0,0.0,0.0,0.0,0.0
cement and other nonmetallic minerals 239,0.0,0.0,0.0,0.0,0.0,492602386.1784201,515498057.1552754,491540461.30952376,512393087.857848,582966569.0725508,530560511.95084506,491182440.12333345,466788906.0574378,446890177.27788043,440898279.79736483,434085662.47515786,428015952.08706236,422552094.143537,350562388.7901537,337166006.6440477,322266840.23663276,308054783.42595243,299212190.1421829,291728355.6186284,279619273.1576676,271819220.67402315,263359411.06631884,256048612.3759668,250575099.36014166,246518287.8421589,240154624.5991939,236068756.87569812,232403486.16117042,228504976.03592166,225738315.0447015,223689009.48561937
iron and steel 241,0.0,0.0,0.0,0.0,0.0,1081406552.2257783,1093883325.574629,1290315459.7896166,1256043273.2634337,1217571235.30659,1136257791.311788,1022233112.4028883,979693152.5279367,993315727.0187278,996481543.2297914,985027602.5089236,963781934.0960929,927931653.8619913,927942876.0871155,943779942.9905382,948060776.2230314,958050674.8753278,968609179.7239577,977677427.9122179,989415346.4666073,997852612.2105055,1000753115.8142971,1010709716.6285172,1029315680.3004156,1040030897.8087213,1043340505.5870085,1040275737.7425975,1028023006.2149155,1013995023.1272998,1014542752.3211474,1024031781.0296813
other metals 242,0.0,0.0,0.0,0.0,0.0,17411019.191919193,17941809.037745878,18192124.869109947,19761041.481069043,20421577.837850295,20194761.52082549,20105239.618160874,20544210.32301165,21290021.21331188,21902843.59289878,22419676.276462264,22715798.15938252,22762251.796385445,22750091.62977265,22806213.836379096,22945623.756725807,23161894.408053175,23396173.901740007,23578135.226131517,23713634.587869275,23948791.276462294,24128194.91519343,24268017.57684078,24497705.649073858,24739917.733398944,24860883.418724567,24900517.16973883,24931660.668485753,24991703.518898368,25054749.41798297,25049184.93272107
metal products except machinery and vehicles 25,0.0,0.0,0.0,0.0,0.0,0.0,0.0,0.0,0.0,0.0,0.0,0.0,0.0,0.0,0.0,0.0,0.0,0.0,0.0,0.0,0.0,0.0,0.0,0.0,0.0,0.0,0.0,0.0,0.0,0.0,0.0,0.0,0.0,0.0,0.0,0.0
computers and electronics 26,0.0,0.0,0.0,0.0,0.0,0.0,0.0,0.0,0.0,0.0,0.0,0.0,0.0,0.0,0.0,0.0,0.0,0.0,0.0,0.0,0.0,0.0,0.0,0.0,0.0,0.0,0.0,0.0,0.0,0.0,0.0,0.0,0.0,0.0,0.0,0.0
appliances and electrical equipment 27,0.0,0.0,0.0,0.0,0.0,0.0,0.0,0.0,0.0,0.0,0.0,0.0,0.0,0.0,0.0,0.0,0.0,0.0,0.0,0.0,0.0,0.0,0.0,0.0,0.0,0.0,0.0,0.0,0.0,0.0,0.0,0.0,0.0,0.0,0.0,0.0
other machinery 28,0.0,0.0,0.0,0.0,0.0,0.0,0.0,0.0,0.0,0.0,0.0,0.0,0.0,0.0,0.0,0.0,0.0,0.0,0.0,0.0,0.0,0.0,0.0,0.0,0.0,0.0,0.0,0.0,0.0,0.0,0.0,0.0,0.0,0.0,0.0,0.0
road vehicles 29,0.0,0.0,0.0,0.0,0.0,0.0,0.0,0.0,0.0,0.0,0.0,0.0,0.0,0.0,0.0,0.0,0.0,0.0,0.0,0.0,0.0,0.0,0.0,0.0,0.0,0.0,0.0,0.0,0.0,0.0,0.0,0.0,0.0,0.0,0.0,0.0
nonroad vehicles 30,0.0,0.0,0.0,0.0,0.0,0.0,0.0,0.0,0.0,0.0,0.0,0.0,0.0,0.0,0.0,0.0,0.0,0.0,0.0,0.0,0.0,0.0,0.0,0.0,0.0,0.0,0.0,0.0,0.0,0.0,0.0,0.0,0.0,0.0,0.0,0.0
other manufacturing 31T33,0.0,0.0,0.0,0.0,0.0,2304895604.9149337,2324180330.8128543,2527101310.110352,2747653969.7555156,2702832871.4158115,2629730222.133944,2592490298.6288643,2587170679.0899177,2596475886.086777,2635363990.480428,2683029831.904604,2729377117.5459304,2807820122.4952927,2874921004.157996,2944369719.608654,3003632984.409098,3039270494.376037,3084940227.2045856,3151897489.9099593,3192973590.120533,3254713351.649613,3314873471.790686,3365851725.511829,3406182886.164443,3445889168.0603695,3491839719.174036,3571347763.5751286,3620988081.4153337,3663985160.0959435,3711422085.177697,3760045815.8945675
energy pipelines and gas processing 352T353,0.0,0.0,0.0,0.0,0.0,407005281.2202097,405443879.88560534,467784829.41371316,511527448.1074481,587452400.792211,598336980.6627921,601730363.1129979,641177756.2906041,690683056.4616348,698461024.4284627,709601319.6853526,701366720.4883513,686852613.8952402,662165101.1294408,645681353.8500566,638950449.5334224,638307270.1328516,638845267.4009975,630953146.2741578,633827330.2374401,630782334.7994611,624337698.5682135,623707721.2933112,627257002.1760937,630300157.1921808,633729293.448022,635885535.0387944,631647807.0447859,629029975.5537229,632120619.553184,639197935.20308
water and waste 36T39,0.0,0.0,0.0,0.0,0.0,0.0,0.0,0.0,0.0,0.0,0.0,0.0,0.0,0.0,0.0,0.0,0.0,0.0,0.0,0.0,0.0,0.0,0.0,0.0,0.0,0.0,0.0,0.0,0.0,0.0,0.0,0.0,0.0,0.0,0.0,0.0
construction 41T43,0.0,0.0,0.0,0.0,0.0,0.0,0.0,0.0,0.0,0.0,0.0,0.0,0.0,0.0,0.0,0.0,0.0,0.0,0.0,0.0,0.0,0.0,0.0,0.0,0.0,0.0,0.0,0.0,0.0,0.0,0.0,0.0,0.0,0.0,0.0,0.0
