Pollutant:,CO,Unit: grams,,,,,,,,,,,,,,,,,,,,,,,,,,,,,,,,,,
,2015.0,2016.0,2017.0,2018.0,2019.0,2020.0,2021.0,2022.0,2023.0,2024.0,2025.0,2026.0,2027.0,2028.0,2029.0,2030.0,2031.0,2032.0,2033.0,2034.0,2035.0,2036.0,2037.0,2038.0,2039.0,2040.0,2041.0,2042.0,2043.0,2044.0,2045.0,2046.0,2047.0,2048.0,2049.0,2050.0
agriculture and forestry 01T03,0.0,0.0,0.0,0.0,0.0,106990.81035923141,107725.98162071846,108464.49456975772,114698.1627296588,117116.32571239768,118352.1206313977,119317.702274461,120257.5044923472,121105.67648813032,122043.11134795596,122954.32860234664,122738.45153614902,122812.84800071907,122289.99629446276,122065.1688695598,121804.3688669085,121703.49561917754,121564.0124230889,121568.90786445337,121570.10365428198,121567.20360343522,121517.25909103693,121692.00135123175,121816.99311159633,121999.49361866787,122325.49679641264,123366.64772937063,124420.41721612003,125510.21451640564,126452.48855620975,127419.4226939114
coal mining 05,0.0,0.0,0.0,0.0,0.0,0.0,0.0,0.0,0.0,0.0,0.0,0.0,0.0,0.0,0.0,0.0,0.0,0.0,0.0,0.0,0.0,0.0,0.0,0.0,0.0,0.0,0.0,0.0,0.0,0.0,0.0,0.0,0.0,0.0,0.0,0.0
oil and gas extraction 06,0.0,0.0,0.0,0.0,0.0,63011385.93694494,64151714.53818828,60781703.57172385,60980608.81167763,65984913.47911183,67125980.50511615,64793838.73798034,66080913.58116736,68156200.63543478,69626109.44730802,71520837.91809368,72871218.2162961,73984355.19359118,74507435.90713923,74712320.64917576,75243032.51663177,75148405.31126092,75319763.97069316,75605426.57767035,75674740.29839663,76923201.61549447,77207185.03787392,77889176.08031492,78075069.30099496,78416438.61160752,78988874.87114212,79623619.56927042,79912311.07222413,79587334.99819325,79952738.5568713,80673938.81241521
other mining and quarrying 07T08,0.0,0.0,0.0,0.0,0.0,0.0,0.0,0.0,0.0,0.0,0.0,0.0,0.0,0.0,0.0,0.0,0.0,0.0,0.0,0.0,0.0,0.0,0.0,0.0,0.0,0.0,0.0,0.0,0.0,0.0,0.0,0.0,0.0,0.0,0.0,0.0
food beverage and tobacco 10T12,0.0,0.0,0.0,0.0,0.0,0.0,0.0,0.0,0.0,0.0,0.0,0.0,0.0,0.0,0.0,0.0,0.0,0.0,0.0,0.0,0.0,0.0,0.0,0.0,0.0,0.0,0.0,0.0,0.0,0.0,0.0,0.0,0.0,0.0,0.0,0.0
textiles apparel and leather 13T15,0.0,0.0,0.0,0.0,0.0,0.0,0.0,0.0,0.0,0.0,0.0,0.0,0.0,0.0,0.0,0.0,0.0,0.0,0.0,0.0,0.0,0.0,0.0,0.0,0.0,0.0,0.0,0.0,0.0,0.0,0.0,0.0,0.0,0.0,0.0,0.0
wood products 16,0.0,0.0,0.0,0.0,0.0,0.0,0.0,0.0,0.0,0.0,0.0,0.0,0.0,0.0,0.0,0.0,0.0,0.0,0.0,0.0,0.0,0.0,0.0,0.0,0.0,0.0,0.0,0.0,0.0,0.0,0.0,0.0,0.0,0.0,0.0,0.0
pulp paper and printing 17T18,0.0,0.0,0.0,0.0,0.0,2891175415.3411098,2932700097.2074943,3107208443.9071145,3219910978.597184,3187405355.9289646,3184719852.3173943,3196983611.7018404,3194553292.396523,3207814348.472645,3229751721.249397,3246414119.0512824,3278694122.833936,3309981287.7883782,3328933702.459764,3353063042.7899785,3376214070.4138503,3382821986.789731,3395763364.441124,3428546134.5939984,3430254524.435866,3461670141.8529735,3505275257.123134,3538718187.2637234,3563988856.259511,3577562367.430375,3588950676.4840426,3601153356.9457874,3600734962.7917466,3605860642.814258,3615895499.8379483,3627766597.8077917
refined petroleum and coke 19,0.0,0.0,0.0,0.0,0.0,1123212684.234033,1126444869.361322,1129872665.8476658,1045139738.1660187,1367505168.6222403,1437153372.9283943,1518475053.3981662,1581221743.1264882,1570868792.4900932,1537851742.1564033,1529113125.0721383,1507507768.3121133,1545990455.2274663,1554784786.0017552,1552124879.507051,1579613551.5684855,1582212404.0672123,1600509085.9779592,1582943614.805567,1584133232.0770562,1586905231.944032,1570982490.512723,1585394257.7812715,1578821724.4524128,1589251984.3012116,1594195439.8561034,1711364012.0603993,1710504989.6532683,1637610025.1198435,1593052640.5308383,1609218198.1348953
chemicals 20,0.0,0.0,0.0,0.0,0.0,1179504680.5905654,940471040.0919076,885306412.4639238,963158169.1850601,1062745455.7153189,958358032.5992557,886216958.741023,918201931.7762009,954222799.7423867,990336280.5747259,1023250148.6113132,1046947799.2939783,1069960254.4611387,1102015844.8962529,1128004333.2500603,1150742897.9661021,1181457101.2265234,1210728666.4688208,1234495244.9313557,1251325774.931748,1271220300.0837963,1292419105.8946915,1333299884.9818413,1374295468.3842235,1405762315.256347,1441190247.44381,1457679770.6628919,1464387170.2628622,1470565500.488133,1493130813.4547553,1522211460.0464153
rubber and plastic products 22,0.0,0.0,0.0,0.0,0.0,0.0,0.0,0.0,0.0,0.0,0.0,0.0,0.0,0.0,0.0,0.0,0.0,0.0,0.0,0.0,0.0,0.0,0.0,0.0,0.0,0.0,0.0,0.0,0.0,0.0,0.0,0.0,0.0,0.0,0.0,0.0
glass and glass products 231,0.0,0.0,0.0,0.0,0.0,0.0,0.0,0.0,0.0,0.0,0.0,0.0,0.0,0.0,0.0,0.0,0.0,0.0,0.0,0.0,0.0,0.0,0.0,0.0,0.0,0.0,0.0,0.0,0.0,0.0,0.0,0.0,0.0,0.0,0.0,0.0
cement and other nonmetallic minerals 239,0.0,0.0,0.0,0.0,0.0,4065014382.266652,4253952224.274693,4056251250.0,4228329642.645607,4810710532.77894,4378249420.338325,4053296815.933388,3851998426.817867,3687791713.7622266,3638345852.1123796,3582127311.210671,3532039328.0500216,3486950912.430676,2892883169.6677575,2782334606.318864,2659384885.7546005,2542105276.564723,2469135128.868285,2407377622.558248,2307452011.6781783,2243085036.5718794,2173273665.999064,2112944072.2821271,2067775981.8401253,2034298683.2531643,1981784965.6334832,1948067891.7295141,1917821635.1389914,1885650658.762908,1862819838.1340916,1845908721.1661968
iron and steel 241,0.0,0.0,0.0,0.0,0.0,9710367948.792551,9822401725.341867,11586241879.877842,11278498653.342072,10933043335.421202,10202898452.585117,9179026731.8438,8797043968.68924,8919366337.129818,8947793426.095028,8844944059.559967,8654170980.571306,8332257439.89232,8332358208.594836,8474565361.441613,8513004619.766217,8602707785.967022,8697516687.261621,8778943997.256863,8884343310.661697,8960104785.091793,8986149529.477379,9075553701.50346,9242623850.028212,9338839934.94358,9368558184.039822,9341038447.46563,9231016429.135262,9105053740.006165,9109972012.415009,9195177673.54853
other metals 242,0.0,0.0,0.0,0.0,0.0,261890310.10101008,269874260.712387,273639421.7277487,297238503.0623608,307174054.1868303,303762364.4432933,302415808.07050234,309018648.07380235,320236868.16674733,329454722.7482492,337228734.7274905,341682893.9522229,342381632.90977126,342198724.0421167,343042894.15816236,345139848.2117022,348392913.83167267,351916862.0035535,354653859.02515256,356691991.8577474,360229134.480997,362927659.7116364,365030822.0718831,368485707.72794735,372128975.08495265,373948497.566222,374544654.2431616,375013103.5886344,375916246.62354666,376864560.4402087,376780861.4473623
metal products except machinery and vehicles 25,0.0,0.0,0.0,0.0,0.0,0.0,0.0,0.0,0.0,0.0,0.0,0.0,0.0,0.0,0.0,0.0,0.0,0.0,0.0,0.0,0.0,0.0,0.0,0.0,0.0,0.0,0.0,0.0,0.0,0.0,0.0,0.0,0.0,0.0,0.0,0.0
computers and electronics 26,0.0,0.0,0.0,0.0,0.0,0.0,0.0,0.0,0.0,0.0,0.0,0.0,0.0,0.0,0.0,0.0,0.0,0.0,0.0,0.0,0.0,0.0,0.0,0.0,0.0,0.0,0.0,0.0,0.0,0.0,0.0,0.0,0.0,0.0,0.0,0.0
appliances and electrical equipment 27,0.0,0.0,0.0,0.0,0.0,0.0,0.0,0.0,0.0,0.0,0.0,0.0,0.0,0.0,0.0,0.0,0.0,0.0,0.0,0.0,0.0,0.0,0.0,0.0,0.0,0.0,0.0,0.0,0.0,0.0,0.0,0.0,0.0,0.0,0.0,0.0
other machinery 28,0.0,0.0,0.0,0.0,0.0,0.0,0.0,0.0,0.0,0.0,0.0,0.0,0.0,0.0,0.0,0.0,0.0,0.0,0.0,0.0,0.0,0.0,0.0,0.0,0.0,0.0,0.0,0.0,0.0,0.0,0.0,0.0,0.0,0.0,0.0,0.0
road vehicles 29,0.0,0.0,0.0,0.0,0.0,0.0,0.0,0.0,0.0,0.0,0.0,0.0,0.0,0.0,0.0,0.0,0.0,0.0,0.0,0.0,0.0,0.0,0.0,0.0,0.0,0.0,0.0,0.0,0.0,0.0,0.0,0.0,0.0,0.0,0.0,0.0
nonroad vehicles 30,0.0,0.0,0.0,0.0,0.0,0.0,0.0,0.0,0.0,0.0,0.0,0.0,0.0,0.0,0.0,0.0,0.0,0.0,0.0,0.0,0.0,0.0,0.0,0.0,0.0,0.0,0.0,0.0,0.0,0.0,0.0,0.0,0.0,0.0,0.0,0.0
other manufacturing 31T33,0.0,0.0,0.0,0.0,0.0,2510730765.595463,2531737684.3100185,2752780209.8893013,2993028985.9398146,2944205208.277472,2864574239.2187696,2824008661.5616965,2818213981.573059,2828350175.783952,2870711122.591532,2922633688.748749,2973119947.5248,3058568184.508787,3131661407.312406,3207312133.5931277,3271867813.202571,3310687876.2424803,3360436074.392822,3433372852.5687866,3478117190.7980137,3545370526.871477,3610903154.1097856,3666433942.454854,3710366815.4434433,3753619005.8380694,3803673100.319022,3890281488.4666142,3944354858.622545,3991191725.352619,4042864932.145167,4095830930.426633
energy pipelines and gas processing 352T353,0.0,0.0,0.0,0.0,0.0,49033412.774070546,48845305.05243089,56355746.93607155,61625579.97557997,70772536.33369544,72083841.42552732,72492654.60328853,77245026.13699377,83209110.46168108,84146150.67088327,85488262.72927828,84496210.48797794,82747643.05540493,79773448.22387487,77787590.9839139,76976694.35694426,76899208.18541004,76964022.68128397,76013230.02396236,76359493.46368414,75992651.74173406,75216242.87657608,75140347.21334055,75567942.04467745,75934562.04428025,76347682.6135935,76607452.91348737,76096918.34417787,75781538.62308574,76153879.7939643,77006509.85948421
water and waste 36T39,0.0,0.0,0.0,0.0,0.0,0.0,0.0,0.0,0.0,0.0,0.0,0.0,0.0,0.0,0.0,0.0,0.0,0.0,0.0,0.0,0.0,0.0,0.0,0.0,0.0,0.0,0.0,0.0,0.0,0.0,0.0,0.0,0.0,0.0,0.0,0.0
construction 41T43,0.0,0.0,0.0,0.0,0.0,0.0,0.0,0.0,0.0,0.0,0.0,0.0,0.0,0.0,0.0,0.0,0.0,0.0,0.0,0.0,0.0,0.0,0.0,0.0,0.0,0.0,0.0,0.0,0.0,0.0,0.0,0.0,0.0,0.0,0.0,0.0
