Pollutant:,VOC,Unit: grams of VOC,,,,,,,,,,,,,,,,,,,,,,,,,,,,,,,,,,
,2015.0,2016.0,2017.0,2018.0,2019.0,2020.0,2021.0,2022.0,2023.0,2024.0,2025.0,2026.0,2027.0,2028.0,2029.0,2030.0,2031.0,2032.0,2033.0,2034.0,2035.0,2036.0,2037.0,2038.0,2039.0,2040.0,2041.0,2042.0,2043.0,2044.0,2045.0,2046.0,2047.0,2048.0,2049.0,2050.0
agriculture and forestry 01T03,0.0,0.0,0.0,0.0,0.0,5771271544.695071,5810927969.08939,5850764649.958228,6187019619.422572,6317459562.496728,6384120503.068697,6436205666.663407,6486900242.950069,6532652124.703603,6583219001.553603,6632371654.885632,6620726868.150065,6624739943.642788,6596536407.616837,6584408822.869578,6570340814.326562,6564899534.81577,6557375567.123156,6557639635.797377,6557704138.7933655,6557547704.975602,6554853610.573942,6564279513.887804,6571021788.177451,6580866184.904777,6598451366.81789,6654612870.155776,6711455040.367643,6770240613.890324,6821068524.576926,6873226644.099297
coal mining 05,0.0,0.0,0.0,0.0,0.0,0.0,0.0,0.0,0.0,0.0,0.0,0.0,0.0,0.0,0.0,0.0,0.0,0.0,0.0,0.0,0.0,0.0,0.0,0.0,0.0,0.0,0.0,0.0,0.0,0.0,0.0,0.0,0.0,0.0,0.0,0.0
oil and gas extraction 06,0.0,0.0,0.0,0.0,0.0,253970322.6865009,258566470.1687389,244983484.17527902,245785180.99917763,265955263.79154232,270554387.5291355,261154581.63147026,266342196.66937783,274706737.6964048,280631273.551635,288268064.8072706,293710835.426967,298197385.8037641,300305686.95657206,301131484.4418176,303270543.3154985,302889143.96162605,303579813.01110035,304731189.43926,305010561.61553735,310042543.04000944,311187151.43652207,313935948.0633947,314685199.33821326,316061104.22718525,318368335.204408,320926703.24234504,322090287.77666026,320780456.5904425,322253232.6344598,325160063.8189914
other mining and quarrying 07T08,0.0,0.0,0.0,0.0,0.0,0.0,0.0,0.0,0.0,0.0,0.0,0.0,0.0,0.0,0.0,0.0,0.0,0.0,0.0,0.0,0.0,0.0,0.0,0.0,0.0,0.0,0.0,0.0,0.0,0.0,0.0,0.0,0.0,0.0,0.0,0.0
food beverage and tobacco 10T12,0.0,0.0,0.0,0.0,0.0,0.0,0.0,0.0,0.0,0.0,0.0,0.0,0.0,0.0,0.0,0.0,0.0,0.0,0.0,0.0,0.0,0.0,0.0,0.0,0.0,0.0,0.0,0.0,0.0,0.0,0.0,0.0,0.0,0.0,0.0,0.0
textiles apparel and leather 13T15,0.0,0.0,0.0,0.0,0.0,0.0,0.0,0.0,0.0,0.0,0.0,0.0,0.0,0.0,0.0,0.0,0.0,0.0,0.0,0.0,0.0,0.0,0.0,0.0,0.0,0.0,0.0,0.0,0.0,0.0,0.0,0.0,0.0,0.0,0.0,0.0
wood products 16,0.0,0.0,0.0,0.0,0.0,0.0,0.0,0.0,0.0,0.0,0.0,0.0,0.0,0.0,0.0,0.0,0.0,0.0,0.0,0.0,0.0,0.0,0.0,0.0,0.0,0.0,0.0,0.0,0.0,0.0,0.0,0.0,0.0,0.0,0.0,0.0
pulp paper and printing 17T18,0.0,0.0,0.0,0.0,0.0,4163463449.982326,4223261445.740545,4474563777.430783,4636862087.458127,4590052069.919957,4586184786.021427,4603845324.2529,4600345520.835306,4619442225.237304,4651033338.408787,4675028175.895681,4721513288.905856,4766568655.332324,4793861252.438165,4828608928.419347,4861947776.290726,4871463566.361966,4890099914.941193,4937309041.235096,4939769223.563432,4985009569.12694,5047803511.928283,5095963307.616165,5132354564.321754,5151901222.5244875,5168301060.545543,5185873641.51891,5185271129.212393,5192652411.34311,5207103198.459744,5224198281.050145
refined petroleum and coke 19,0.0,0.0,0.0,0.0,0.0,3699270066.994194,3709915179.767753,3721204533.1695333,3442138967.5280128,4503840641.89401,4733225086.199277,5001055803.019079,5207710298.977914,5173613140.949109,5064872394.237231,5036091999.33919,4964935351.385561,5091677021.775934,5120640908.178943,5111880579.333854,5202413764.3357935,5210973013.525212,5271232631.91075,5213381235.970548,5217299207.718349,5226428713.000429,5173987602.257902,5221452361.174316,5199805903.518483,5234157677.310945,5250438812.147132,5636330280.460969,5633501113.801636,5393423554.032093,5246675034.016884,5299915853.14255
chemicals 20,0.0,0.0,0.0,0.0,0.0,4444049859.560678,4466318335.468583,4238687584.216504,4607754349.464714,4992234737.008628,4589414737.286266,4303608226.727133,4416221231.641249,4547641649.316016,4684129342.237161,4814624855.125205,4908553085.063399,5003400093.84903,5121695231.336152,5215155316.805984,5300222086.746131,5412395716.264605,5520777859.100312,5611049946.180237,5669703960.854231,5745452052.8709135,5829341640.485351,5990662781.362214,6145162994.894732,6263737113.238468,6394563006.971776,6460073569.209657,6479276527.860531,6500416854.854617,6589026668.759842,6701713218.687311
rubber and plastic products 22,0.0,0.0,0.0,0.0,0.0,0.0,0.0,0.0,0.0,0.0,0.0,0.0,0.0,0.0,0.0,0.0,0.0,0.0,0.0,0.0,0.0,0.0,0.0,0.0,0.0,0.0,0.0,0.0,0.0,0.0,0.0,0.0,0.0,0.0,0.0,0.0
glass and glass products 231,0.0,0.0,0.0,0.0,0.0,0.0,0.0,0.0,0.0,0.0,0.0,0.0,0.0,0.0,0.0,0.0,0.0,0.0,0.0,0.0,0.0,0.0,0.0,0.0,0.0,0.0,0.0,0.0,0.0,0.0,0.0,0.0,0.0,0.0,0.0,0.0
cement and other nonmetallic minerals 239,0.0,0.0,0.0,0.0,0.0,246413526.02412257,257866582.63609692,245882321.4285714,256313389.93089834,291616224.0986837,265401244.87261102,245703229.19240725,233500899.46355817,223546997.37224257,220549682.2410607,217141820.03226906,214105580.7028597,211372405.75418743,175361136.56163487,168659890.58067662,161206909.77448633,154097640.4549779,149674327.35015336,145930703.47647163,139873400.89361024,135971595.92961258,131739761.95272215,128082695.45469323,125344690.76813072,123315359.89477329,120132077.10498764,118088211.50290327,116254740.31814818,114304596.24017097,112920634.83582439,111895514.73311472
iron and steel 241,0.0,0.0,0.0,0.0,0.0,449957404.7134129,455148807.09921443,536881336.9528334,522621182.83093053,506613532.1305831,472780200.75959677,425336204.3370405,407635950.99332887,413304104.42810833,414621354.1185212,409855537.386696,401015526.38365275,386098750.6167743,386103420.0200451,392692991.26637226,394474183.18474835,398630833.4858635,403024072.48516977,406797237.5466247,411681213.2896973,415191835.8110681,416398692.8171016,420541488.3761935,428283156.95473874,432741601.7931331,434118681.0455869,432843476.09839845,427745294.22822344,421908456.2226871,422136358.3063595,426084603.9704487
other metals 242,0.0,0.0,0.0,0.0,0.0,14927368.686868686,15382442.317916,15597051.047120418,16942164.532293987,17508476.56837117,17314015.19014248,17237263.425533257,17613615.75056449,18253038.06165817,18778442.433385212,19221549.866208944,19475430.496278662,19515257.605693974,19504832.06493025,19552948.539922364,19672471.88641252,19857891.91914738,20058751.86533934,20214756.73478453,20330927.356802665,20532539.36762856,20686351.40066269,20806228.611650903,21003152.09438364,21210813.0614575,21314523.2098073,21348503.277677655,21375204.21246328,21426682.058489393,21480734.57370733,21475963.852238275
metal products except machinery and vehicles 25,0.0,0.0,0.0,0.0,0.0,0.0,0.0,0.0,0.0,0.0,0.0,0.0,0.0,0.0,0.0,0.0,0.0,0.0,0.0,0.0,0.0,0.0,0.0,0.0,0.0,0.0,0.0,0.0,0.0,0.0,0.0,0.0,0.0,0.0,0.0,0.0
computers and electronics 26,0.0,0.0,0.0,0.0,0.0,0.0,0.0,0.0,0.0,0.0,0.0,0.0,0.0,0.0,0.0,0.0,0.0,0.0,0.0,0.0,0.0,0.0,0.0,0.0,0.0,0.0,0.0,0.0,0.0,0.0,0.0,0.0,0.0,0.0,0.0,0.0
appliances and electrical equipment 27,0.0,0.0,0.0,0.0,0.0,0.0,0.0,0.0,0.0,0.0,0.0,0.0,0.0,0.0,0.0,0.0,0.0,0.0,0.0,0.0,0.0,0.0,0.0,0.0,0.0,0.0,0.0,0.0,0.0,0.0,0.0,0.0,0.0,0.0,0.0,0.0
other machinery 28,0.0,0.0,0.0,0.0,0.0,0.0,0.0,0.0,0.0,0.0,0.0,0.0,0.0,0.0,0.0,0.0,0.0,0.0,0.0,0.0,0.0,0.0,0.0,0.0,0.0,0.0,0.0,0.0,0.0,0.0,0.0,0.0,0.0,0.0,0.0,0.0
road vehicles 29,0.0,0.0,0.0,0.0,0.0,0.0,0.0,0.0,0.0,0.0,0.0,0.0,0.0,0.0,0.0,0.0,0.0,0.0,0.0,0.0,0.0,0.0,0.0,0.0,0.0,0.0,0.0,0.0,0.0,0.0,0.0,0.0,0.0,0.0,0.0,0.0
nonroad vehicles 30,0.0,0.0,0.0,0.0,0.0,0.0,0.0,0.0,0.0,0.0,0.0,0.0,0.0,0.0,0.0,0.0,0.0,0.0,0.0,0.0,0.0,0.0,0.0,0.0,0.0,0.0,0.0,0.0,0.0,0.0,0.0,0.0,0.0,0.0,0.0,0.0
other manufacturing 31T33,0.0,0.0,0.0,0.0,0.0,3769982971.0144925,3801525869.565217,4133431850.374871,4494176939.784206,4420865689.9720545,4301295960.939203,4240384795.523876,4231683804.888404,4246903787.886819,4310510786.410514,4388475016.150479,4464282561.293934,4592587197.8352585,4702340186.503821,4815933389.6187525,4912866846.660355,4971157037.946341,5045856349.57124,5155374429.108869,5222560204.455629,5323544322.392598,5421944713.274681,5505326862.128169,5571294183.397458,5636239427.021835,5711398056.69593,5841444715.994343,5922638481.358059,5992966288.866395,6070556093.530066,6150087086.7771845
energy pipelines and gas processing 352T353,0.0,0.0,0.0,0.0,0.0,2116163565.300286,2108045290.7530982,2432177807.2209344,2659611062.2710624,3054371587.458729,3110964345.362678,3128607733.8777523,3333708601.2135744,3591104063.4963064,3631544453.788363,3689466765.898517,3646652189.2834377,3571188245.761268,3442829186.4482164,3357124388.4473815,3322128050.2335863,3318783934.379957,3321581171.3437324,3280547258.6350684,3295491151.659833,3279659149.7186317,3246151219.936263,3242875746.57602,3261329705.8579316,3277152138.798599,3294981423.920665,3306192482.1130743,3284159044.233133,3270548017.8482294,3286617362.7111897,3323414815.2492466
water and waste 36T39,0.0,0.0,0.0,0.0,0.0,0.0,0.0,0.0,0.0,0.0,0.0,0.0,0.0,0.0,0.0,0.0,0.0,0.0,0.0,0.0,0.0,0.0,0.0,0.0,0.0,0.0,0.0,0.0,0.0,0.0,0.0,0.0,0.0,0.0,0.0,0.0
construction 41T43,0.0,0.0,0.0,0.0,0.0,0.0,0.0,0.0,0.0,0.0,0.0,0.0,0.0,0.0,0.0,0.0,0.0,0.0,0.0,0.0,0.0,0.0,0.0,0.0,0.0,0.0,0.0,0.0,0.0,0.0,0.0,0.0,0.0,0.0,0.0,0.0
