Imported Electricity (MW*hour),2020.0,2021.0,2022.0,2023.0,2024.0,2025.0,2026.0,2027.0,2028.0,2029.0,2030.0,2031.0,2032.0,2033.0,2034.0,2035.0,2036.0,2037.0,2038.0,2039.0,2040.0,2041.0,2042.0,2043.0,2044.0,2045.0,2046.0,2047.0,2048.0,2049.0,2050.0
hard coal,4899310.0,4899310.0,4899310.0,4031320.0,3094410.0,2535560.0,1556350.0,1159950.0,540193.0,478708.0,469931.0,469931.0,469931.0,469931.0,469931.0,469931.0,469931.0,469931.0,469931.0,469931.0,469931.0,469931.0,469931.0,469931.0,469931.0,469931.0,469931.0,469931.0,469931.0,469931.0,469931.0
natural gas steam turbine,1530900.0,1530900.0,1530900.0,1602110.0,1510500.0,1466580.0,1183730.0,1087690.0,856503.0,691285.0,514095.0,514095.0,514095.0,514095.0,514095.0,514095.0,514095.0,514095.0,514095.0,514095.0,514095.0,514095.0,514095.0,514095.0,514095.0,514095.0,514095.0,514095.0,514095.0,514095.0,514095.0
natural gas combined cycle,0.0,0.0,0.0,0.0,0.0,0.0,0.0,0.0,0.0,0.0,0.0,0.0,0.0,0.0,0.0,0.0,0.0,0.0,0.0,0.0,0.0,0.0,0.0,0.0,0.0,0.0,0.0,0.0,0.0,0.0,0.0
nuclear,427366.0,427366.0,427366.0,438326.0,426978.0,448728.0,394878.0,430311.0,490690.0,461776.0,481950.0,481950.0,481950.0,481950.0,481950.0,481950.0,481950.0,481950.0,481950.0,481950.0,481950.0,481950.0,481950.0,481950.0,481950.0,481950.0,481950.0,481950.0,481950.0,481950.0,481950.0
hydro,888768.0,888768.0,888768.0,918525.0,900187.0,984078.0,983149.0,961244.0,840569.0,705610.0,677948.0,677948.0,677948.0,677948.0,677948.0,677948.0,677948.0,677948.0,677948.0,677948.0,677948.0,677948.0,677948.0,677948.0,677948.0,677948.0,677948.0,677948.0,677948.0,677948.0,677948.0
onshore wind,4484370.0,4484370.0,4484370.0,5226920.0,6039050.0,7267280.0,8067750.0,8462760.0,9206280.0,9493390.0,9619420.0,9619420.0,9619420.0,9619420.0,9619420.0,9619420.0,9619420.0,9619420.0,9619420.0,9619420.0,9619420.0,9619420.0,9619420.0,9619420.0,9619420.0,9619420.0,9619420.0,9619420.0,9619420.0,9619420.0,9619420.0
solar PV,68994.1,68994.1,68994.1,106198.0,355049.0,632928.0,1153460.0,1230480.0,1397790.0,1505400.0,1587830.0,1587830.0,1587830.0,1587830.0,1587830.0,1587830.0,1587830.0,1587830.0,1587830.0,1587830.0,1587830.0,1587830.0,1587830.0,1587830.0,1587830.0,1587830.0,1587830.0,1587830.0,1587830.0,1587830.0,1587830.0
solar thermal,0.0,0.0,0.0,0.0,0.0,0.0,0.0,0.0,0.0,0.0,0.0,0.0,0.0,0.0,0.0,0.0,0.0,0.0,0.0,0.0,0.0,0.0,0.0,0.0,0.0,0.0,0.0,0.0,0.0,0.0,0.0
biomass,35567.5,35567.5,35567.5,18739.1,18033.5,18698.4,16787.4,16610.1,16389.1,17268.6,17416.6,17416.6,17416.6,17416.6,17416.6,17416.6,17416.6,17416.6,17416.6,17416.6,17416.6,17416.6,17416.6,17416.6,17416.6,17416.6,17416.6,17416.6,17416.6,17416.6,17416.6
geothermal,0.0,0.0,0.0,0.0,0.0,0.0,0.0,0.0,0.0,0.0,0.0,0.0,0.0,0.0,0.0,0.0,0.0,0.0,0.0,0.0,0.0,0.0,0.0,0.0,0.0,0.0,0.0,0.0,0.0,0.0,0.0
petroleum,42916.5,42916.5,42916.5,36042.5,33978.6,27916.4,25665.6,32714.1,33355.4,28330.1,13179.5,13179.5,13179.5,13179.5,13179.5,13179.5,13179.5,13179.5,13179.5,13179.5,13179.5,13179.5,13179.5,13179.5,13179.5,13179.5,13179.5,13179.5,13179.5,13179.5,13179.5
natural gas peaker,0.0,0.0,0.0,0.0,0.0,0.0,0.0,0.0,0.0,0.0,0.0,0.0,0.0,0.0,0.0,0.0,0.0,0.0,0.0,0.0,0.0,0.0,0.0,0.0,0.0,0.0,0.0,0.0,0.0,0.0,0.0
lignite,0.0,0.0,0.0,0.0,0.0,0.0,0.0,0.0,0.0,0.0,0.0,0.0,0.0,0.0,0.0,0.0,0.0,0.0,0.0,0.0,0.0,0.0,0.0,0.0,0.0,0.0,0.0,0.0,0.0,0.0,0.0
offshore wind,0.0,0.0,0.0,0.0,0.0,0.0,0.0,0.0,0.0,0.0,0.0,0.0,0.0,0.0,0.0,0.0,0.0,0.0,0.0,0.0,0.0,0.0,0.0,0.0,0.0,0.0,0.0,0.0,0.0,0.0,0.0
crude oil,0.0,0.0,0.0,0.0,0.0,0.0,0.0,0.0,0.0,0.0,0.0,0.0,0.0,0.0,0.0,0.0,0.0,0.0,0.0,0.0,0.0,0.0,0.0,0.0,0.0,0.0,0.0,0.0,0.0,0.0,0.0
heavy or residual fuel oil,0.0,0.0,0.0,0.0,0.0,0.0,0.0,0.0,0.0,0.0,0.0,0.0,0.0,0.0,0.0,0.0,0.0,0.0,0.0,0.0,0.0,0.0,0.0,0.0,0.0,0.0,0.0,0.0,0.0,0.0,0.0
municipal solid waste,0.0,0.0,0.0,0.0,0.0,0.0,0.0,0.0,0.0,0.0,0.0,0.0,0.0,0.0,0.0,0.0,0.0,0.0,0.0,0.0,0.0,0.0,0.0,0.0,0.0,0.0,0.0,0.0,0.0,0.0,0.0
hard coal w CCS,0.0,0.0,0.0,0.0,0.0,0.0,0.0,0.0,0.0,0.0,0.0,0.0,0.0,0.0,0.0,0.0,0.0,0.0,0.0,0.0,0.0,0.0,0.0,0.0,0.0,0.0,0.0,0.0,0.0,0.0,0.0
natural gas combined cycle w CCS,0.0,0.0,0.0,0.0,0.0,0.0,0.0,0.0,0.0,0.0,0.0,0.0,0.0,0.0,0.0,0.0,0.0,0.0,0.0,0.0,0.0,0.0,0.0,0.0,0.0,0.0,0.0,0.0,0.0,0.0,0.0
biomass w CCS,0.0,0.0,0.0,0.0,0.0,0.0,0.0,0.0,0.0,0.0,0.0,0.0,0.0,0.0,0.0,0.0,0.0,0.0,0.0,0.0,0.0,0.0,0.0,0.0,0.0,0.0,0.0,0.0,0.0,0.0,0.0
lignite w CCS,0.0,0.0,0.0,0.0,0.0,0.0,0.0,0.0,0.0,0.0,0.0,0.0,0.0,0.0,0.0,0.0,0.0,0.0,0.0,0.0,0.0,0.0,0.0,0.0,0.0,0.0,0.0,0.0,0.0,0.0,0.0
small modular reactor,0.0,0.0,0.0,0.0,0.0,0.0,0.0,0.0,0.0,0.0,0.0,0.0,0.0,0.0,0.0,0.0,0.0,0.0,0.0,0.0,0.0,0.0,0.0,0.0,0.0,0.0,0.0,0.0,0.0,0.0,0.0
hydrogen combustion turbine,0.0,0.0,0.0,0.0,0.0,0.0,0.0,0.0,0.0,0.0,0.0,0.0,0.0,0.0,0.0,0.0,0.0,0.0,0.0,0.0,0.0,0.0,0.0,0.0,0.0,0.0,0.0,0.0,0.0,0.0,0.0
hydrogen combined cycle,0.0,0.0,0.0,0.0,0.0,0.0,0.0,0.0,0.0,0.0,0.0,0.0,0.0,0.0,0.0,0.0,0.0,0.0,0.0,0.0,0.0,0.0,0.0,0.0,0.0,0.0,0.0,0.0,0.0,0.0,0.0
,,,,,,,,,,,,,,,,,,,,,,,,,,,,,,,
,,,,,,,,,,,,,,,,,,,,,,,,,,,,,,,
,,,,,,,,,,,,,,,,,,,,,,,,,,,,,,,
